5
Loaded 'data_5.dat': 5 rows, skipped 0 header/comment/non-numeric lines.
Validation passed
Final config: {'V': 25.0, 'C_B': 0.1, 'titration_type': 'acid_base', 'r2_threshold': 0.95}
DEBUG preprocess: potential first 5: [182.1 181.6 180.9 178.7 172.9]
Detected acid titration (negative slope). No flip.
Preprocessing complete: Arrays extracted, params merged, type auto-detected (if acid_base).
DEBUG df:    volume  potential
0   0.000      182.1
1   0.020      181.6
2   0.040      180.9
3   0.090      178.7
4   0.215      172.9
DEBUG params: {'volume_array': array([0.   , 0.02 , 0.04 , 0.09 , 0.215]), 'potential_array': array([182.1, 181.6, 180.9, 178.7, 172.9]), 'V': 25.0, 'C_B': 0.1, 'titration_type': 'acid_base', 'r2_threshold': 0.95, 'is_base': False}
Computing Gran/Schwartz for type: acid_base
DEBUG gran_functions: potential first 5: [182.1 181.6 180.9 178.7 172.9]
DEBUG gran_functions: pH first 5: [3.92190669 3.93035835 3.94219067 3.97937796 4.07741717]
Gran and Schwartz computed successfully.
Computing Gran/Schwartz for type: acid_base
DEBUG gran_functions: potential first 5: [182.1 181.6 180.9 178.7 172.9]
DEBUG gran_functions: pH first 5: [3.92190669 3.93035835 3.94219067 3.97937796 4.07741717]
Gran and Schwartz computed successfully.
=== ANALYZER NESTED RESULTS ===
Gran Raw: V_eq = -0.011 mL, R² = 0.9871, k = 0.000, Zone = 0-4
Gran Opt: V_eq = 0.590 mL, R² = 0.9992, k = -2.508, Zone = 0-4
Schwartz Raw: V_eq = -0.011 mL, R² = 0.9871, k = 0.000, Zone = 0-4
Schwartz Opt: V_eq = 0.590 mL, R² = 0.9992, k = -2.508, Zone = 0-4
pH shape: (5,)
=== END ANALYZER NESTED ===
Titration curve saved to results/screening/5/titration_curve.png
Gran/Schwartz combined plot saved to results/screening/5/gran_schwartz.png
Combined overview plot saved to results/screening/5/plots.png
All visualizations saved to results/screening/5
Generating CSV report...
CSV export failed: name 'export_to_csv' is not defined
Generating PDF report...
Saved PDF report to results/screening/5/report.pdf
PDF report generated.
Full report generated in results/screening/5
Pipeline complete. Outputs in results/screening/5
6
Loaded 'data_6.dat': 6 rows, skipped 0 header/comment/non-numeric lines.
Validation passed
Final config: {'V': 25.0, 'C_B': 0.1, 'titration_type': 'acid_base', 'r2_threshold': 0.95}
DEBUG preprocess: potential first 5: [182.1 181.6 180.9 178.7 172.9]
Detected acid titration (negative slope). No flip.
Preprocessing complete: Arrays extracted, params merged, type auto-detected (if acid_base).
DEBUG df:    volume  potential
0  0.0000      182.1
1  0.0200      181.6
2  0.0400      180.9
3  0.0900      178.7
4  0.2150      172.9
5  0.3825      166.0
DEBUG params: {'volume_array': array([0.    , 0.02  , 0.04  , 0.09  , 0.215 , 0.3825]), 'potential_array': array([182.1, 181.6, 180.9, 178.7, 172.9, 166. ]), 'V': 25.0, 'C_B': 0.1, 'titration_type': 'acid_base', 'r2_threshold': 0.95, 'is_base': False}
Computing Gran/Schwartz for type: acid_base
DEBUG gran_functions: potential first 5: [182.1 181.6 180.9 178.7 172.9]
DEBUG gran_functions: pH first 5: [3.92190669 3.93035835 3.94219067 3.97937796 4.07741717]
Gran and Schwartz computed successfully.
Computing Gran/Schwartz for type: acid_base
DEBUG gran_functions: potential first 5: [182.1 181.6 180.9 178.7 172.9]
DEBUG gran_functions: pH first 5: [3.92190669 3.93035835 3.94219067 3.97937796 4.07741717]
Gran and Schwartz computed successfully.
=== ANALYZER NESTED RESULTS ===
Gran Raw: V_eq = -0.029 mL, R² = 0.9642, k = 0.000, Zone = 0-5
Gran Opt: V_eq = 1.142 mL, R² = 0.9953, k = 1.440, Zone = 0-5
Schwartz Raw: V_eq = -0.029 mL, R² = 0.9642, k = 0.000, Zone = 0-5
Schwartz Opt: V_eq = 1.142 mL, R² = 0.9953, k = 1.440, Zone = 0-5
pH shape: (6,)
=== END ANALYZER NESTED ===
Titration curve saved to results/screening/6/titration_curve.png
Gran/Schwartz combined plot saved to results/screening/6/gran_schwartz.png
Combined overview plot saved to results/screening/6/plots.png
All visualizations saved to results/screening/6
Generating CSV report...
CSV export failed: name 'export_to_csv' is not defined
Generating PDF report...
Saved PDF report to results/screening/6/report.pdf
PDF report generated.
Full report generated in results/screening/6
Pipeline complete. Outputs in results/screening/6
7
Loaded 'data_7.dat': 7 rows, skipped 0 header/comment/non-numeric lines.
Validation passed
Final config: {'V': 25.0, 'C_B': 0.1, 'titration_type': 'acid_base', 'r2_threshold': 0.95}
DEBUG preprocess: potential first 5: [182.1 181.6 180.9 178.7 172.9]
Detected acid titration (negative slope). No flip.
Preprocessing complete: Arrays extracted, params merged, type auto-detected (if acid_base).
DEBUG df:    volume  potential
0  0.0000      182.1
1  0.0200      181.6
2  0.0400      180.9
3  0.0900      178.7
4  0.2150      172.9
5  0.3825      166.0
6  0.5825      158.2
DEBUG params: {'volume_array': array([0.    , 0.02  , 0.04  , 0.09  , 0.215 , 0.3825, 0.5825]), 'potential_array': array([182.1, 181.6, 180.9, 178.7, 172.9, 166. , 158.2]), 'V': 25.0, 'C_B': 0.1, 'titration_type': 'acid_base', 'r2_threshold': 0.95, 'is_base': False}
Computing Gran/Schwartz for type: acid_base
DEBUG gran_functions: potential first 5: [182.1 181.6 180.9 178.7 172.9]
DEBUG gran_functions: pH first 5: [3.92190669 3.93035835 3.94219067 3.97937796 4.07741717]
Gran and Schwartz computed successfully.
Computing Gran/Schwartz for type: acid_base
DEBUG gran_functions: potential first 5: [182.1 181.6 180.9 178.7 172.9]
DEBUG gran_functions: pH first 5: [3.92190669 3.93035835 3.94219067 3.97937796 4.07741717]
Gran and Schwartz computed successfully.
Warning: Low R²=0.919 for zone (0, 6) (k=0.0)
=== ANALYZER NESTED RESULTS ===
Gran Raw: V_eq = -0.066 mL, R² = 0.9188, k = 0.000, Zone = 0-6
Gran Opt: V_eq = 1.616 mL, R² = 0.9954, k = 0.887, Zone = 0-6
Schwartz Raw: V_eq = -0.066 mL, R² = 0.9188, k = 0.000, Zone = 0-6
Schwartz Opt: V_eq = 1.616 mL, R² = 0.9954, k = 0.887, Zone = 0-6
pH shape: (7,)
=== END ANALYZER NESTED ===
Titration curve saved to results/screening/7/titration_curve.png
Gran/Schwartz combined plot saved to results/screening/7/gran_schwartz.png
Combined overview plot saved to results/screening/7/plots.png
All visualizations saved to results/screening/7
Generating CSV report...
CSV export failed: name 'export_to_csv' is not defined
Generating PDF report...
Saved PDF report to results/screening/7/report.pdf
PDF report generated.
Full report generated in results/screening/7
Pipeline complete. Outputs in results/screening/7
8
Loaded 'data_8.dat': 8 rows, skipped 0 header/comment/non-numeric lines.
Validation passed
Final config: {'V': 25.0, 'C_B': 0.1, 'titration_type': 'acid_base', 'r2_threshold': 0.95}
DEBUG preprocess: potential first 5: [182.1 181.6 180.9 178.7 172.9]
Detected acid titration (negative slope). No flip.
Preprocessing complete: Arrays extracted, params merged, type auto-detected (if acid_base).
DEBUG df:    volume  potential
0  0.0000      182.1
1  0.0200      181.6
2  0.0400      180.9
3  0.0900      178.7
4  0.2150      172.9
5  0.3825      166.0
6  0.5825      158.2
7  0.7825      151.4
DEBUG params: {'volume_array': array([0.    , 0.02  , 0.04  , 0.09  , 0.215 , 0.3825, 0.5825, 0.7825]), 'potential_array': array([182.1, 181.6, 180.9, 178.7, 172.9, 166. , 158.2, 151.4]), 'V': 25.0, 'C_B': 0.1, 'titration_type': 'acid_base', 'r2_threshold': 0.95, 'is_base': False}
Computing Gran/Schwartz for type: acid_base
DEBUG gran_functions: potential first 5: [182.1 181.6 180.9 178.7 172.9]
DEBUG gran_functions: pH first 5: [3.92190669 3.93035835 3.94219067 3.97937796 4.07741717]
Gran and Schwartz computed successfully.
Computing Gran/Schwartz for type: acid_base
DEBUG gran_functions: potential first 5: [182.1 181.6 180.9 178.7 172.9]
DEBUG gran_functions: pH first 5: [3.92190669 3.93035835 3.94219067 3.97937796 4.07741717]
Gran and Schwartz computed successfully.
Warning: Low R²=0.868 for zone (0, 7) (k=0.0)
=== ANALYZER NESTED RESULTS ===
Gran Raw: V_eq = -0.120 mL, R² = 0.8684, k = 0.000, Zone = 0-7
Gran Opt: V_eq = 1.970 mL, R² = 0.9947, k = 0.741, Zone = 0-7
Schwartz Raw: V_eq = -0.120 mL, R² = 0.8684, k = 0.000, Zone = 0-7
Schwartz Opt: V_eq = 1.970 mL, R² = 0.9947, k = 0.741, Zone = 0-7
pH shape: (8,)
=== END ANALYZER NESTED ===
Titration curve saved to results/screening/8/titration_curve.png
Gran/Schwartz combined plot saved to results/screening/8/gran_schwartz.png
Combined overview plot saved to results/screening/8/plots.png
All visualizations saved to results/screening/8
Generating CSV report...
CSV export failed: name 'export_to_csv' is not defined
Generating PDF report...
Saved PDF report to results/screening/8/report.pdf
PDF report generated.
Full report generated in results/screening/8
Pipeline complete. Outputs in results/screening/8
9
Loaded 'data_9.dat': 9 rows, skipped 0 header/comment/non-numeric lines.
Validation passed
Final config: {'V': 25.0, 'C_B': 0.1, 'titration_type': 'acid_base', 'r2_threshold': 0.95}
DEBUG preprocess: potential first 5: [182.1 181.6 180.9 178.7 172.9]
Detected acid titration (negative slope). No flip.
Preprocessing complete: Arrays extracted, params merged, type auto-detected (if acid_base).
DEBUG df:    volume  potential
0  0.0000      182.1
1  0.0200      181.6
2  0.0400      180.9
3  0.0900      178.7
4  0.2150      172.9
5  0.3825      166.0
6  0.5825      158.2
7  0.7825      151.4
8  0.9825      145.6
DEBUG params: {'volume_array': array([0.    , 0.02  , 0.04  , 0.09  , 0.215 , 0.3825, 0.5825, 0.7825,
       0.9825]), 'potential_array': array([182.1, 181.6, 180.9, 178.7, 172.9, 166. , 158.2, 151.4, 145.6]), 'V': 25.0, 'C_B': 0.1, 'titration_type': 'acid_base', 'r2_threshold': 0.95, 'is_base': False}
Computing Gran/Schwartz for type: acid_base
DEBUG gran_functions: potential first 5: [182.1 181.6 180.9 178.7 172.9]
DEBUG gran_functions: pH first 5: [3.92190669 3.93035835 3.94219067 3.97937796 4.07741717]
Gran and Schwartz computed successfully.
Computing Gran/Schwartz for type: acid_base
DEBUG gran_functions: potential first 5: [182.1 181.6 180.9 178.7 172.9]
DEBUG gran_functions: pH first 5: [3.92190669 3.93035835 3.94219067 3.97937796 4.07741717]
Gran and Schwartz computed successfully.
Warning: Low R²=0.817 for zone (0, 8) (k=0.0)
=== ANALYZER NESTED RESULTS ===
Gran Raw: V_eq = -0.193 mL, R² = 0.8171, k = 0.000, Zone = 0-8
Gran Opt: V_eq = 2.309 mL, R² = 0.9926, k = 0.657, Zone = 0-8
Schwartz Raw: V_eq = -0.193 mL, R² = 0.8171, k = 0.000, Zone = 0-8
Schwartz Opt: V_eq = 2.309 mL, R² = 0.9926, k = 0.657, Zone = 0-8
pH shape: (9,)
=== END ANALYZER NESTED ===
Titration curve saved to results/screening/9/titration_curve.png
Gran/Schwartz combined plot saved to results/screening/9/gran_schwartz.png
Combined overview plot saved to results/screening/9/plots.png
All visualizations saved to results/screening/9
Generating CSV report...
CSV export failed: name 'export_to_csv' is not defined
Generating PDF report...
Saved PDF report to results/screening/9/report.pdf
PDF report generated.
Full report generated in results/screening/9
Pipeline complete. Outputs in results/screening/9
10
Loaded 'data_10.dat': 10 rows, skipped 0 header/comment/non-numeric lines.
Validation passed
Final config: {'V': 25.0, 'C_B': 0.1, 'titration_type': 'acid_base', 'r2_threshold': 0.95}
DEBUG preprocess: potential first 5: [182.1 181.6 180.9 178.7 172.9]
Detected acid titration (negative slope). No flip.
Preprocessing complete: Arrays extracted, params merged, type auto-detected (if acid_base).
DEBUG df:    volume  potential
0  0.0000      182.1
1  0.0200      181.6
2  0.0400      180.9
3  0.0900      178.7
4  0.2150      172.9
5  0.3825      166.0
6  0.5825      158.2
7  0.7825      151.4
8  0.9825      145.6
9  1.1825      140.1
DEBUG params: {'volume_array': array([0.    , 0.02  , 0.04  , 0.09  , 0.215 , 0.3825, 0.5825, 0.7825,
       0.9825, 1.1825]), 'potential_array': array([182.1, 181.6, 180.9, 178.7, 172.9, 166. , 158.2, 151.4, 145.6,
       140.1]), 'V': 25.0, 'C_B': 0.1, 'titration_type': 'acid_base', 'r2_threshold': 0.95, 'is_base': False}
Computing Gran/Schwartz for type: acid_base
DEBUG gran_functions: potential first 5: [182.1 181.6 180.9 178.7 172.9]
DEBUG gran_functions: pH first 5: [3.92190669 3.93035835 3.94219067 3.97937796 4.07741717]
Gran and Schwartz computed successfully.
Computing Gran/Schwartz for type: acid_base
DEBUG gran_functions: potential first 5: [182.1 181.6 180.9 178.7 172.9]
DEBUG gran_functions: pH first 5: [3.92190669 3.93035835 3.94219067 3.97937796 4.07741717]
Gran and Schwartz computed successfully.
=== ANALYZER NESTED RESULTS ===
Gran Raw: V_eq = 8.032 mL, R² = 1.0000, k = 0.000, Zone = 8-10
Gran Opt: V_eq = 0.833 mL, R² = 0.9930, k = 9.943, Zone = 0-5
Schwartz Raw: V_eq = 8.032 mL, R² = 1.0000, k = 0.000, Zone = 8-10
Schwartz Opt: V_eq = 0.833 mL, R² = 0.9930, k = 9.943, Zone = 0-5
pH shape: (10,)
=== END ANALYZER NESTED ===
Titration curve saved to results/screening/10/titration_curve.png
Visualize error: index 10 is out of bounds for axis 0 with size 10
Generating CSV report...
CSV export failed: name 'export_to_csv' is not defined
Generating PDF report...
Saved PDF report to results/screening/10/report.pdf
PDF report generated.
Full report generated in results/screening/10
Pipeline complete. Outputs in results/screening/10
11
Loaded 'data_11.dat': 11 rows, skipped 0 header/comment/non-numeric lines.
Validation passed
Final config: {'V': 25.0, 'C_B': 0.1, 'titration_type': 'acid_base', 'r2_threshold': 0.95}
DEBUG preprocess: potential first 5: [182.1 181.6 180.9 178.7 172.9]
Detected acid titration (negative slope). No flip.
Preprocessing complete: Arrays extracted, params merged, type auto-detected (if acid_base).
DEBUG df:     volume  potential
0   0.0000      182.1
1   0.0200      181.6
2   0.0400      180.9
3   0.0900      178.7
4   0.2150      172.9
5   0.3825      166.0
6   0.5825      158.2
7   0.7825      151.4
8   0.9825      145.6
9   1.1825      140.1
10  1.3825      134.7
DEBUG params: {'volume_array': array([0.    , 0.02  , 0.04  , 0.09  , 0.215 , 0.3825, 0.5825, 0.7825,
       0.9825, 1.1825, 1.3825]), 'potential_array': array([182.1, 181.6, 180.9, 178.7, 172.9, 166. , 158.2, 151.4, 145.6,
       140.1, 134.7]), 'V': 25.0, 'C_B': 0.1, 'titration_type': 'acid_base', 'r2_threshold': 0.95, 'is_base': False}
Computing Gran/Schwartz for type: acid_base
DEBUG gran_functions: potential first 5: [182.1 181.6 180.9 178.7 172.9]
DEBUG gran_functions: pH first 5: [3.92190669 3.93035835 3.94219067 3.97937796 4.07741717]
Gran and Schwartz computed successfully.
Computing Gran/Schwartz for type: acid_base
DEBUG gran_functions: potential first 5: [182.1 181.6 180.9 178.7 172.9]
DEBUG gran_functions: pH first 5: [3.92190669 3.93035835 3.94219067 3.97937796 4.07741717]
Gran and Schwartz computed successfully.
=== ANALYZER NESTED RESULTS ===
Gran Raw: V_eq = 6.041 mL, R² = 0.9736, k = 0.000, Zone = 8-11
Gran Opt: V_eq = 3.235 mL, R² = 0.9999, k = 0.560, Zone = 7-11
Schwartz Raw: V_eq = 6.041 mL, R² = 0.9736, k = 0.000, Zone = 8-11
Schwartz Opt: V_eq = 3.235 mL, R² = 0.9999, k = 0.560, Zone = 7-11
pH shape: (11,)
=== END ANALYZER NESTED ===
Titration curve saved to results/screening/11/titration_curve.png
Visualize error: index 11 is out of bounds for axis 0 with size 11
Generating CSV report...
CSV export failed: name 'export_to_csv' is not defined
Generating PDF report...
Saved PDF report to results/screening/11/report.pdf
PDF report generated.
Full report generated in results/screening/11
Pipeline complete. Outputs in results/screening/11
12
Loaded 'data_12.dat': 12 rows, skipped 0 header/comment/non-numeric lines.
Validation passed
Final config: {'V': 25.0, 'C_B': 0.1, 'titration_type': 'acid_base', 'r2_threshold': 0.95}
DEBUG preprocess: potential first 5: [182.1 181.6 180.9 178.7 172.9]
Detected acid titration (negative slope). No flip.
Preprocessing complete: Arrays extracted, params merged, type auto-detected (if acid_base).
DEBUG df:     volume  potential
0   0.0000      182.1
1   0.0200      181.6
2   0.0400      180.9
3   0.0900      178.7
4   0.2150      172.9
5   0.3825      166.0
6   0.5825      158.2
7   0.7825      151.4
8   0.9825      145.6
9   1.1825      140.1
10  1.3825      134.7
11  1.5825      129.8
DEBUG params: {'volume_array': array([0.    , 0.02  , 0.04  , 0.09  , 0.215 , 0.3825, 0.5825, 0.7825,
       0.9825, 1.1825, 1.3825, 1.5825]), 'potential_array': array([182.1, 181.6, 180.9, 178.7, 172.9, 166. , 158.2, 151.4, 145.6,
       140.1, 134.7, 129.8]), 'V': 25.0, 'C_B': 0.1, 'titration_type': 'acid_base', 'r2_threshold': 0.95, 'is_base': False}
Computing Gran/Schwartz for type: acid_base
DEBUG gran_functions: potential first 5: [182.1 181.6 180.9 178.7 172.9]
DEBUG gran_functions: pH first 5: [3.92190669 3.93035835 3.94219067 3.97937796 4.07741717]
Gran and Schwartz computed successfully.
Computing Gran/Schwartz for type: acid_base
DEBUG gran_functions: potential first 5: [182.1 181.6 180.9 178.7 172.9]
DEBUG gran_functions: pH first 5: [3.92190669 3.93035835 3.94219067 3.97937796 4.07741717]
Gran and Schwartz computed successfully.
=== ANALYZER NESTED RESULTS ===
Gran Raw: V_eq = 5.574 mL, R² = 0.9853, k = 0.000, Zone = 8-12
Gran Opt: V_eq = 3.871 mL, R² = 0.9993, k = 0.298, Zone = 8-12
Schwartz Raw: V_eq = 5.574 mL, R² = 0.9853, k = 0.000, Zone = 8-12
Schwartz Opt: V_eq = 3.871 mL, R² = 0.9993, k = 0.298, Zone = 8-12
pH shape: (12,)
=== END ANALYZER NESTED ===
Titration curve saved to results/screening/12/titration_curve.png
Visualize error: index 12 is out of bounds for axis 0 with size 12
Generating CSV report...
CSV export failed: name 'export_to_csv' is not defined
Generating PDF report...
Saved PDF report to results/screening/12/report.pdf
PDF report generated.
Full report generated in results/screening/12
Pipeline complete. Outputs in results/screening/12
13
Loaded 'data_13.dat': 13 rows, skipped 0 header/comment/non-numeric lines.
Validation passed
Final config: {'V': 25.0, 'C_B': 0.1, 'titration_type': 'acid_base', 'r2_threshold': 0.95}
DEBUG preprocess: potential first 5: [182.1 181.6 180.9 178.7 172.9]
Detected acid titration (negative slope). No flip.
Preprocessing complete: Arrays extracted, params merged, type auto-detected (if acid_base).
DEBUG df:     volume  potential
0   0.0000      182.1
1   0.0200      181.6
2   0.0400      180.9
3   0.0900      178.7
4   0.2150      172.9
5   0.3825      166.0
6   0.5825      158.2
7   0.7825      151.4
8   0.9825      145.6
9   1.1825      140.1
10  1.3825      134.7
11  1.5825      129.8
12  1.7825      124.9
DEBUG params: {'volume_array': array([0.    , 0.02  , 0.04  , 0.09  , 0.215 , 0.3825, 0.5825, 0.7825,
       0.9825, 1.1825, 1.3825, 1.5825, 1.7825]), 'potential_array': array([182.1, 181.6, 180.9, 178.7, 172.9, 166. , 158.2, 151.4, 145.6,
       140.1, 134.7, 129.8, 124.9]), 'V': 25.0, 'C_B': 0.1, 'titration_type': 'acid_base', 'r2_threshold': 0.95, 'is_base': False}
Computing Gran/Schwartz for type: acid_base
DEBUG gran_functions: potential first 5: [182.1 181.6 180.9 178.7 172.9]
DEBUG gran_functions: pH first 5: [3.92190669 3.93035835 3.94219067 3.97937796 4.07741717]
Gran and Schwartz computed successfully.
Computing Gran/Schwartz for type: acid_base
DEBUG gran_functions: potential first 5: [182.1 181.6 180.9 178.7 172.9]
DEBUG gran_functions: pH first 5: [3.92190669 3.93035835 3.94219067 3.97937796 4.07741717]
Gran and Schwartz computed successfully.
=== ANALYZER NESTED RESULTS ===
Gran Raw: V_eq = 5.197 mL, R² = 0.9866, k = 0.000, Zone = 8-13
Gran Opt: V_eq = 3.957 mL, R² = 0.9996, k = 0.271, Zone = 8-13
Schwartz Raw: V_eq = 5.197 mL, R² = 0.9866, k = 0.000, Zone = 8-13
Schwartz Opt: V_eq = 3.957 mL, R² = 0.9996, k = 0.271, Zone = 8-13
pH shape: (13,)
=== END ANALYZER NESTED ===
Titration curve saved to results/screening/13/titration_curve.png
Visualize error: index 13 is out of bounds for axis 0 with size 13
Generating CSV report...
CSV export failed: name 'export_to_csv' is not defined
Generating PDF report...
Saved PDF report to results/screening/13/report.pdf
PDF report generated.
Full report generated in results/screening/13
Pipeline complete. Outputs in results/screening/13
14
Loaded 'data_14.dat': 14 rows, skipped 0 header/comment/non-numeric lines.
Validation passed
Final config: {'V': 25.0, 'C_B': 0.1, 'titration_type': 'acid_base', 'r2_threshold': 0.95}
DEBUG preprocess: potential first 5: [182.1 181.6 180.9 178.7 172.9]
Detected acid titration (negative slope). No flip.
Preprocessing complete: Arrays extracted, params merged, type auto-detected (if acid_base).
DEBUG df:     volume  potential
0   0.0000      182.1
1   0.0200      181.6
2   0.0400      180.9
3   0.0900      178.7
4   0.2150      172.9
5   0.3825      166.0
6   0.5825      158.2
7   0.7825      151.4
8   0.9825      145.6
9   1.1825      140.1
10  1.3825      134.7
11  1.5825      129.8
12  1.7825      124.9
13  1.9825      120.2
DEBUG params: {'volume_array': array([0.    , 0.02  , 0.04  , 0.09  , 0.215 , 0.3825, 0.5825, 0.7825,
       0.9825, 1.1825, 1.3825, 1.5825, 1.7825, 1.9825]), 'potential_array': array([182.1, 181.6, 180.9, 178.7, 172.9, 166. , 158.2, 151.4, 145.6,
       140.1, 134.7, 129.8, 124.9, 120.2]), 'V': 25.0, 'C_B': 0.1, 'titration_type': 'acid_base', 'r2_threshold': 0.95, 'is_base': False}
Computing Gran/Schwartz for type: acid_base
DEBUG gran_functions: potential first 5: [182.1 181.6 180.9 178.7 172.9]
DEBUG gran_functions: pH first 5: [3.92190669 3.93035835 3.94219067 3.97937796 4.07741717]
Gran and Schwartz computed successfully.
Computing Gran/Schwartz for type: acid_base
DEBUG gran_functions: potential first 5: [182.1 181.6 180.9 178.7 172.9]
DEBUG gran_functions: pH first 5: [3.92190669 3.93035835 3.94219067 3.97937796 4.07741717]
Gran and Schwartz computed successfully.
=== ANALYZER NESTED RESULTS ===
Gran Raw: V_eq = 4.485 mL, R² = 1.0000, k = 0.000, Zone = 11-14
Gran Opt: V_eq = 4.545 mL, R² = 1.0000, k = -0.025, Zone = 11-14
Schwartz Raw: V_eq = 4.485 mL, R² = 1.0000, k = 0.000, Zone = 11-14
Schwartz Opt: V_eq = 4.545 mL, R² = 1.0000, k = -0.025, Zone = 11-14
pH shape: (14,)
=== END ANALYZER NESTED ===
Titration curve saved to results/screening/14/titration_curve.png
Visualize error: index 14 is out of bounds for axis 0 with size 14
Generating CSV report...
CSV export failed: name 'export_to_csv' is not defined
Generating PDF report...
Saved PDF report to results/screening/14/report.pdf
PDF report generated.
Full report generated in results/screening/14
Pipeline complete. Outputs in results/screening/14
15
Loaded 'data_15.dat': 15 rows, skipped 0 header/comment/non-numeric lines.
Validation passed
Final config: {'V': 25.0, 'C_B': 0.1, 'titration_type': 'acid_base', 'r2_threshold': 0.95}
DEBUG preprocess: potential first 5: [182.1 181.6 180.9 178.7 172.9]
Detected acid titration (negative slope). No flip.
Preprocessing complete: Arrays extracted, params merged, type auto-detected (if acid_base).
DEBUG df:     volume  potential
0   0.0000      182.1
1   0.0200      181.6
2   0.0400      180.9
3   0.0900      178.7
4   0.2150      172.9
5   0.3825      166.0
6   0.5825      158.2
7   0.7825      151.4
8   0.9825      145.6
9   1.1825      140.1
10  1.3825      134.7
11  1.5825      129.8
12  1.7825      124.9
13  1.9825      120.2
14  2.1825      115.8
DEBUG params: {'volume_array': array([0.    , 0.02  , 0.04  , 0.09  , 0.215 , 0.3825, 0.5825, 0.7825,
       0.9825, 1.1825, 1.3825, 1.5825, 1.7825, 1.9825, 2.1825]), 'potential_array': array([182.1, 181.6, 180.9, 178.7, 172.9, 166. , 158.2, 151.4, 145.6,
       140.1, 134.7, 129.8, 124.9, 120.2, 115.8]), 'V': 25.0, 'C_B': 0.1, 'titration_type': 'acid_base', 'r2_threshold': 0.95, 'is_base': False}
Computing Gran/Schwartz for type: acid_base
DEBUG gran_functions: potential first 5: [182.1 181.6 180.9 178.7 172.9]
DEBUG gran_functions: pH first 5: [3.92190669 3.93035835 3.94219067 3.97937796 4.07741717]
Gran and Schwartz computed successfully.
Computing Gran/Schwartz for type: acid_base
DEBUG gran_functions: potential first 5: [182.1 181.6 180.9 178.7 172.9]
DEBUG gran_functions: pH first 5: [3.92190669 3.93035835 3.94219067 3.97937796 4.07741717]
Gran and Schwartz computed successfully.
=== ANALYZER NESTED RESULTS ===
Gran Raw: V_eq = 4.566 mL, R² = 0.9994, k = 0.000, Zone = 11-14
Gran Opt: V_eq = 4.969 mL, R² = 0.9999, k = -0.154, Zone = 11-14
Schwartz Raw: V_eq = 4.566 mL, R² = 0.9994, k = 0.000, Zone = 11-14
Schwartz Opt: V_eq = 4.969 mL, R² = 0.9999, k = -0.154, Zone = 11-14
pH shape: (15,)
=== END ANALYZER NESTED ===
Titration curve saved to results/screening/15/titration_curve.png
Gran/Schwartz combined plot saved to results/screening/15/gran_schwartz.png
Combined overview plot saved to results/screening/15/plots.png
All visualizations saved to results/screening/15
Generating CSV report...
CSV export failed: name 'export_to_csv' is not defined
Generating PDF report...
Saved PDF report to results/screening/15/report.pdf
PDF report generated.
Full report generated in results/screening/15
Pipeline complete. Outputs in results/screening/15
16
Loaded 'data_16.dat': 16 rows, skipped 0 header/comment/non-numeric lines.
Validation passed
Final config: {'V': 25.0, 'C_B': 0.1, 'titration_type': 'acid_base', 'r2_threshold': 0.95}
DEBUG preprocess: potential first 5: [182.1 181.6 180.9 178.7 172.9]
Detected acid titration (negative slope). No flip.
Preprocessing complete: Arrays extracted, params merged, type auto-detected (if acid_base).
DEBUG df:     volume  potential
0   0.0000      182.1
1   0.0200      181.6
2   0.0400      180.9
3   0.0900      178.7
4   0.2150      172.9
5   0.3825      166.0
6   0.5825      158.2
7   0.7825      151.4
8   0.9825      145.6
9   1.1825      140.1
10  1.3825      134.7
11  1.5825      129.8
12  1.7825      124.9
13  1.9825      120.2
14  2.1825      115.8
15  2.3825      111.0
DEBUG params: {'volume_array': array([0.    , 0.02  , 0.04  , 0.09  , 0.215 , 0.3825, 0.5825, 0.7825,
       0.9825, 1.1825, 1.3825, 1.5825, 1.7825, 1.9825, 2.1825, 2.3825]), 'potential_array': array([182.1, 181.6, 180.9, 178.7, 172.9, 166. , 158.2, 151.4, 145.6,
       140.1, 134.7, 129.8, 124.9, 120.2, 115.8, 111. ]), 'V': 25.0, 'C_B': 0.1, 'titration_type': 'acid_base', 'r2_threshold': 0.95, 'is_base': False}
Computing Gran/Schwartz for type: acid_base
DEBUG gran_functions: potential first 5: [182.1 181.6 180.9 178.7 172.9]
DEBUG gran_functions: pH first 5: [3.92190669 3.93035835 3.94219067 3.97937796 4.07741717]
Gran and Schwartz computed successfully.
Computing Gran/Schwartz for type: acid_base
DEBUG gran_functions: potential first 5: [182.1 181.6 180.9 178.7 172.9]
DEBUG gran_functions: pH first 5: [3.92190669 3.93035835 3.94219067 3.97937796 4.07741717]
Gran and Schwartz computed successfully.
=== ANALYZER NESTED RESULTS ===
Gran Raw: V_eq = 4.513 mL, R² = 0.9993, k = 0.000, Zone = 11-15
Gran Opt: V_eq = 4.413 mL, R² = 0.9994, k = 0.063, Zone = 11-15
Schwartz Raw: V_eq = 4.513 mL, R² = 0.9993, k = 0.000, Zone = 11-15
Schwartz Opt: V_eq = 4.413 mL, R² = 0.9994, k = 0.063, Zone = 11-15
pH shape: (16,)
=== END ANALYZER NESTED ===
Titration curve saved to results/screening/16/titration_curve.png
Gran/Schwartz combined plot saved to results/screening/16/gran_schwartz.png
Combined overview plot saved to results/screening/16/plots.png
All visualizations saved to results/screening/16
Generating CSV report...
CSV export failed: name 'export_to_csv' is not defined
Generating PDF report...
Saved PDF report to results/screening/16/report.pdf
PDF report generated.
Full report generated in results/screening/16
Pipeline complete. Outputs in results/screening/16
17
Loaded 'data_17.dat': 17 rows, skipped 0 header/comment/non-numeric lines.
Validation passed
Final config: {'V': 25.0, 'C_B': 0.1, 'titration_type': 'acid_base', 'r2_threshold': 0.95}
DEBUG preprocess: potential first 5: [182.1 181.6 180.9 178.7 172.9]
Detected acid titration (negative slope). No flip.
Preprocessing complete: Arrays extracted, params merged, type auto-detected (if acid_base).
DEBUG df:     volume  potential
0   0.0000      182.1
1   0.0200      181.6
2   0.0400      180.9
3   0.0900      178.7
4   0.2150      172.9
5   0.3825      166.0
6   0.5825      158.2
7   0.7825      151.4
8   0.9825      145.6
9   1.1825      140.1
10  1.3825      134.7
11  1.5825      129.8
12  1.7825      124.9
13  1.9825      120.2
14  2.1825      115.8
15  2.3825      111.0
16  2.5825      105.7
DEBUG params: {'volume_array': array([0.    , 0.02  , 0.04  , 0.09  , 0.215 , 0.3825, 0.5825, 0.7825,
       0.9825, 1.1825, 1.3825, 1.5825, 1.7825, 1.9825, 2.1825, 2.3825,
       2.5825]), 'potential_array': array([182.1, 181.6, 180.9, 178.7, 172.9, 166. , 158.2, 151.4, 145.6,
       140.1, 134.7, 129.8, 124.9, 120.2, 115.8, 111. , 105.7]), 'V': 25.0, 'C_B': 0.1, 'titration_type': 'acid_base', 'r2_threshold': 0.95, 'is_base': False}
Computing Gran/Schwartz for type: acid_base
DEBUG gran_functions: potential first 5: [182.1 181.6 180.9 178.7 172.9]
DEBUG gran_functions: pH first 5: [3.92190669 3.93035835 3.94219067 3.97937796 4.07741717]
Gran and Schwartz computed successfully.
Computing Gran/Schwartz for type: acid_base
DEBUG gran_functions: potential first 5: [182.1 181.6 180.9 178.7 172.9]
DEBUG gran_functions: pH first 5: [3.92190669 3.93035835 3.94219067 3.97937796 4.07741717]
Gran and Schwartz computed successfully.
=== ANALYZER NESTED RESULTS ===
Gran Raw: V_eq = 4.513 mL, R² = 0.9993, k = 0.000, Zone = 11-15
Gran Opt: V_eq = 4.496 mL, R² = 0.9996, k = 0.063, Zone = 9-14
Schwartz Raw: V_eq = 4.513 mL, R² = 0.9993, k = 0.000, Zone = 11-15
Schwartz Opt: V_eq = 4.496 mL, R² = 0.9996, k = 0.063, Zone = 9-14
pH shape: (17,)
=== END ANALYZER NESTED ===
Titration curve saved to results/screening/17/titration_curve.png
Gran/Schwartz combined plot saved to results/screening/17/gran_schwartz.png
Combined overview plot saved to results/screening/17/plots.png
All visualizations saved to results/screening/17
Generating CSV report...
CSV export failed: name 'export_to_csv' is not defined
Generating PDF report...
Saved PDF report to results/screening/17/report.pdf
PDF report generated.
Full report generated in results/screening/17
Pipeline complete. Outputs in results/screening/17
18
Loaded 'data_18.dat': 18 rows, skipped 0 header/comment/non-numeric lines.
Validation passed
Final config: {'V': 25.0, 'C_B': 0.1, 'titration_type': 'acid_base', 'r2_threshold': 0.95}
DEBUG preprocess: potential first 5: [182.1 181.6 180.9 178.7 172.9]
Detected acid titration (negative slope). No flip.
Preprocessing complete: Arrays extracted, params merged, type auto-detected (if acid_base).
DEBUG df:     volume  potential
0   0.0000      182.1
1   0.0200      181.6
2   0.0400      180.9
3   0.0900      178.7
4   0.2150      172.9
5   0.3825      166.0
6   0.5825      158.2
7   0.7825      151.4
8   0.9825      145.6
9   1.1825      140.1
10  1.3825      134.7
11  1.5825      129.8
12  1.7825      124.9
13  1.9825      120.2
14  2.1825      115.8
15  2.3825      111.0
16  2.5825      105.7
17  2.7825      100.2
DEBUG params: {'volume_array': array([0.    , 0.02  , 0.04  , 0.09  , 0.215 , 0.3825, 0.5825, 0.7825,
       0.9825, 1.1825, 1.3825, 1.5825, 1.7825, 1.9825, 2.1825, 2.3825,
       2.5825, 2.7825]), 'potential_array': array([182.1, 181.6, 180.9, 178.7, 172.9, 166. , 158.2, 151.4, 145.6,
       140.1, 134.7, 129.8, 124.9, 120.2, 115.8, 111. , 105.7, 100.2]), 'V': 25.0, 'C_B': 0.1, 'titration_type': 'acid_base', 'r2_threshold': 0.95, 'is_base': False}
Computing Gran/Schwartz for type: acid_base
DEBUG gran_functions: potential first 5: [182.1 181.6 180.9 178.7 172.9]
DEBUG gran_functions: pH first 5: [3.92190669 3.93035835 3.94219067 3.97937796 4.07741717]
Gran and Schwartz computed successfully.
Computing Gran/Schwartz for type: acid_base
DEBUG gran_functions: potential first 5: [182.1 181.6 180.9 178.7 172.9]
DEBUG gran_functions: pH first 5: [3.92190669 3.93035835 3.94219067 3.97937796 4.07741717]
Gran and Schwartz computed successfully.
=== ANALYZER NESTED RESULTS ===
Gran Raw: V_eq = 4.569 mL, R² = 0.9989, k = 0.000, Zone = 10-15
Gran Opt: V_eq = 4.323 mL, R² = 0.9996, k = 0.135, Zone = 10-15
Schwartz Raw: V_eq = 4.569 mL, R² = 0.9989, k = 0.000, Zone = 10-15
Schwartz Opt: V_eq = 4.323 mL, R² = 0.9996, k = 0.135, Zone = 10-15
pH shape: (18,)
=== END ANALYZER NESTED ===
Titration curve saved to results/screening/18/titration_curve.png
Gran/Schwartz combined plot saved to results/screening/18/gran_schwartz.png
Combined overview plot saved to results/screening/18/plots.png
All visualizations saved to results/screening/18
Generating CSV report...
CSV export failed: name 'export_to_csv' is not defined
Generating PDF report...
Saved PDF report to results/screening/18/report.pdf
PDF report generated.
Full report generated in results/screening/18
Pipeline complete. Outputs in results/screening/18
19
Loaded 'data_19.dat': 19 rows, skipped 0 header/comment/non-numeric lines.
Validation passed
Final config: {'V': 25.0, 'C_B': 0.1, 'titration_type': 'acid_base', 'r2_threshold': 0.95}
DEBUG preprocess: potential first 5: [182.1 181.6 180.9 178.7 172.9]
Detected acid titration (negative slope). No flip.
Preprocessing complete: Arrays extracted, params merged, type auto-detected (if acid_base).
DEBUG df:     volume  potential
0   0.0000      182.1
1   0.0200      181.6
2   0.0400      180.9
3   0.0900      178.7
4   0.2150      172.9
5   0.3825      166.0
6   0.5825      158.2
7   0.7825      151.4
8   0.9825      145.6
9   1.1825      140.1
10  1.3825      134.7
11  1.5825      129.8
12  1.7825      124.9
13  1.9825      120.2
14  2.1825      115.8
15  2.3825      111.0
16  2.5825      105.7
17  2.7825      100.2
18  2.9825       94.8
DEBUG params: {'volume_array': array([0.    , 0.02  , 0.04  , 0.09  , 0.215 , 0.3825, 0.5825, 0.7825,
       0.9825, 1.1825, 1.3825, 1.5825, 1.7825, 1.9825, 2.1825, 2.3825,
       2.5825, 2.7825, 2.9825]), 'potential_array': array([182.1, 181.6, 180.9, 178.7, 172.9, 166. , 158.2, 151.4, 145.6,
       140.1, 134.7, 129.8, 124.9, 120.2, 115.8, 111. , 105.7, 100.2,
        94.8]), 'V': 25.0, 'C_B': 0.1, 'titration_type': 'acid_base', 'r2_threshold': 0.95, 'is_base': False}
Computing Gran/Schwartz for type: acid_base
DEBUG gran_functions: potential first 5: [182.1 181.6 180.9 178.7 172.9]
DEBUG gran_functions: pH first 5: [3.92190669 3.93035835 3.94219067 3.97937796 4.07741717]
Gran and Schwartz computed successfully.
Computing Gran/Schwartz for type: acid_base
DEBUG gran_functions: potential first 5: [182.1 181.6 180.9 178.7 172.9]
DEBUG gran_functions: pH first 5: [3.92190669 3.93035835 3.94219067 3.97937796 4.07741717]
Gran and Schwartz computed successfully.
=== ANALYZER NESTED RESULTS ===
Gran Raw: V_eq = 4.177 mL, R² = 0.9993, k = 0.000, Zone = 14-19
Gran Opt: V_eq = 4.196 mL, R² = 0.9993, k = -0.047, Zone = 14-19
Schwartz Raw: V_eq = 4.177 mL, R² = 0.9993, k = 0.000, Zone = 14-19
Schwartz Opt: V_eq = 4.196 mL, R² = 0.9993, k = -0.047, Zone = 14-19
pH shape: (19,)
=== END ANALYZER NESTED ===
Titration curve saved to results/screening/19/titration_curve.png
Visualize error: index 19 is out of bounds for axis 0 with size 19
Generating CSV report...
CSV export failed: name 'export_to_csv' is not defined
Generating PDF report...
Saved PDF report to results/screening/19/report.pdf
PDF report generated.
Full report generated in results/screening/19
Pipeline complete. Outputs in results/screening/19
20
Loaded 'data_20.dat': 20 rows, skipped 0 header/comment/non-numeric lines.
Validation passed
Final config: {'V': 25.0, 'C_B': 0.1, 'titration_type': 'acid_base', 'r2_threshold': 0.95}
DEBUG preprocess: potential first 5: [182.1 181.6 180.9 178.7 172.9]
Detected acid titration (negative slope). No flip.
Preprocessing complete: Arrays extracted, params merged, type auto-detected (if acid_base).
DEBUG df:     volume  potential
0   0.0000      182.1
1   0.0200      181.6
2   0.0400      180.9
3   0.0900      178.7
4   0.2150      172.9
5   0.3825      166.0
6   0.5825      158.2
7   0.7825      151.4
8   0.9825      145.6
9   1.1825      140.1
10  1.3825      134.7
11  1.5825      129.8
12  1.7825      124.9
13  1.9825      120.2
14  2.1825      115.8
15  2.3825      111.0
16  2.5825      105.7
17  2.7825      100.2
18  2.9825       94.8
19  3.1825       88.0
DEBUG params: {'volume_array': array([0.    , 0.02  , 0.04  , 0.09  , 0.215 , 0.3825, 0.5825, 0.7825,
       0.9825, 1.1825, 1.3825, 1.5825, 1.7825, 1.9825, 2.1825, 2.3825,
       2.5825, 2.7825, 2.9825, 3.1825]), 'potential_array': array([182.1, 181.6, 180.9, 178.7, 172.9, 166. , 158.2, 151.4, 145.6,
       140.1, 134.7, 129.8, 124.9, 120.2, 115.8, 111. , 105.7, 100.2,
        94.8,  88. ]), 'V': 25.0, 'C_B': 0.1, 'titration_type': 'acid_base', 'r2_threshold': 0.95, 'is_base': False}
Computing Gran/Schwartz for type: acid_base
DEBUG gran_functions: potential first 5: [182.1 181.6 180.9 178.7 172.9]
DEBUG gran_functions: pH first 5: [3.92190669 3.93035835 3.94219067 3.97937796 4.07741717]
Gran and Schwartz computed successfully.
Computing Gran/Schwartz for type: acid_base
DEBUG gran_functions: potential first 5: [182.1 181.6 180.9 178.7 172.9]
DEBUG gran_functions: pH first 5: [3.92190669 3.93035835 3.94219067 3.97937796 4.07741717]
Gran and Schwartz computed successfully.
=== ANALYZER NESTED RESULTS ===
Gran Raw: V_eq = 4.165 mL, R² = 0.9995, k = 0.000, Zone = 14-20
Gran Opt: V_eq = 4.440 mL, R² = 0.9996, k = 0.074, Zone = 9-15
Schwartz Raw: V_eq = 4.165 mL, R² = 0.9995, k = 0.000, Zone = 14-20
Schwartz Opt: V_eq = 4.440 mL, R² = 0.9996, k = 0.074, Zone = 9-15
pH shape: (20,)
=== END ANALYZER NESTED ===
Titration curve saved to results/screening/20/titration_curve.png
Visualize error: index 20 is out of bounds for axis 0 with size 20
Generating CSV report...
CSV export failed: name 'export_to_csv' is not defined
Generating PDF report...
Saved PDF report to results/screening/20/report.pdf
PDF report generated.
Full report generated in results/screening/20
Pipeline complete. Outputs in results/screening/20
21
Loaded 'data_21.dat': 21 rows, skipped 0 header/comment/non-numeric lines.
Validation passed
Final config: {'V': 25.0, 'C_B': 0.1, 'titration_type': 'acid_base', 'r2_threshold': 0.95}
DEBUG preprocess: potential first 5: [182.1 181.6 180.9 178.7 172.9]
Detected acid titration (negative slope). No flip.
Preprocessing complete: Arrays extracted, params merged, type auto-detected (if acid_base).
DEBUG df:     volume  potential
0   0.0000      182.1
1   0.0200      181.6
2   0.0400      180.9
3   0.0900      178.7
4   0.2150      172.9
5   0.3825      166.0
6   0.5825      158.2
7   0.7825      151.4
8   0.9825      145.6
9   1.1825      140.1
10  1.3825      134.7
11  1.5825      129.8
12  1.7825      124.9
13  1.9825      120.2
14  2.1825      115.8
15  2.3825      111.0
16  2.5825      105.7
17  2.7825      100.2
18  2.9825       94.8
19  3.1825       88.0
20  3.3825       80.5
DEBUG params: {'volume_array': array([0.    , 0.02  , 0.04  , 0.09  , 0.215 , 0.3825, 0.5825, 0.7825,
       0.9825, 1.1825, 1.3825, 1.5825, 1.7825, 1.9825, 2.1825, 2.3825,
       2.5825, 2.7825, 2.9825, 3.1825, 3.3825]), 'potential_array': array([182.1, 181.6, 180.9, 178.7, 172.9, 166. , 158.2, 151.4, 145.6,
       140.1, 134.7, 129.8, 124.9, 120.2, 115.8, 111. , 105.7, 100.2,
        94.8,  88. ,  80.5]), 'V': 25.0, 'C_B': 0.1, 'titration_type': 'acid_base', 'r2_threshold': 0.95, 'is_base': False}
Computing Gran/Schwartz for type: acid_base
DEBUG gran_functions: potential first 5: [182.1 181.6 180.9 178.7 172.9]
DEBUG gran_functions: pH first 5: [3.92190669 3.93035835 3.94219067 3.97937796 4.07741717]
Gran and Schwartz computed successfully.
Computing Gran/Schwartz for type: acid_base
DEBUG gran_functions: potential first 5: [182.1 181.6 180.9 178.7 172.9]
DEBUG gran_functions: pH first 5: [3.92190669 3.93035835 3.94219067 3.97937796 4.07741717]
Gran and Schwartz computed successfully.
=== ANALYZER NESTED RESULTS ===
Gran Raw: V_eq = 4.159 mL, R² = 0.9997, k = 0.000, Zone = 14-20
Gran Opt: V_eq = 4.140 mL, R² = 0.9997, k = 0.081, Zone = 14-21
Schwartz Raw: V_eq = 4.159 mL, R² = 0.9997, k = 0.000, Zone = 14-20
Schwartz Opt: V_eq = 4.140 mL, R² = 0.9997, k = 0.081, Zone = 14-21
pH shape: (21,)
=== END ANALYZER NESTED ===
Titration curve saved to results/screening/21/titration_curve.png
Visualize error: index 21 is out of bounds for axis 0 with size 21
Generating CSV report...
CSV export failed: name 'export_to_csv' is not defined
Generating PDF report...
Saved PDF report to results/screening/21/report.pdf
PDF report generated.
Full report generated in results/screening/21
Pipeline complete. Outputs in results/screening/21
22
Loaded 'data_22.dat': 22 rows, skipped 0 header/comment/non-numeric lines.
Validation passed
Final config: {'V': 25.0, 'C_B': 0.1, 'titration_type': 'acid_base', 'r2_threshold': 0.95}
DEBUG preprocess: potential first 5: [182.1 181.6 180.9 178.7 172.9]
Detected acid titration (negative slope). No flip.
Preprocessing complete: Arrays extracted, params merged, type auto-detected (if acid_base).
DEBUG df:     volume  potential
0   0.0000      182.1
1   0.0200      181.6
2   0.0400      180.9
3   0.0900      178.7
4   0.2150      172.9
5   0.3825      166.0
6   0.5825      158.2
7   0.7825      151.4
8   0.9825      145.6
9   1.1825      140.1
10  1.3825      134.7
11  1.5825      129.8
12  1.7825      124.9
13  1.9825      120.2
14  2.1825      115.8
15  2.3825      111.0
16  2.5825      105.7
17  2.7825      100.2
18  2.9825       94.8
19  3.1825       88.0
20  3.3825       80.5
21  3.5825       70.2
DEBUG params: {'volume_array': array([0.    , 0.02  , 0.04  , 0.09  , 0.215 , 0.3825, 0.5825, 0.7825,
       0.9825, 1.1825, 1.3825, 1.5825, 1.7825, 1.9825, 2.1825, 2.3825,
       2.5825, 2.7825, 2.9825, 3.1825, 3.3825, 3.5825]), 'potential_array': array([182.1, 181.6, 180.9, 178.7, 172.9, 166. , 158.2, 151.4, 145.6,
       140.1, 134.7, 129.8, 124.9, 120.2, 115.8, 111. , 105.7, 100.2,
        94.8,  88. ,  80.5,  70.2]), 'V': 25.0, 'C_B': 0.1, 'titration_type': 'acid_base', 'r2_threshold': 0.95, 'is_base': False}
Computing Gran/Schwartz for type: acid_base
DEBUG gran_functions: potential first 5: [182.1 181.6 180.9 178.7 172.9]
DEBUG gran_functions: pH first 5: [3.92190669 3.93035835 3.94219067 3.97937796 4.07741717]
Gran and Schwartz computed successfully.
Computing Gran/Schwartz for type: acid_base
DEBUG gran_functions: potential first 5: [182.1 181.6 180.9 178.7 172.9]
DEBUG gran_functions: pH first 5: [3.92190669 3.93035835 3.94219067 3.97937796 4.07741717]
Gran and Schwartz computed successfully.
=== ANALYZER NESTED RESULTS ===
Gran Raw: V_eq = 4.141 mL, R² = 0.9995, k = 0.000, Zone = 14-21
Gran Opt: V_eq = 4.108 mL, R² = 0.9997, k = 0.203, Zone = 14-22
Schwartz Raw: V_eq = 4.141 mL, R² = 0.9995, k = 0.000, Zone = 14-21
Schwartz Opt: V_eq = 4.108 mL, R² = 0.9997, k = 0.203, Zone = 14-22
pH shape: (22,)
=== END ANALYZER NESTED ===
Titration curve saved to results/screening/22/titration_curve.png
Visualize error: index 22 is out of bounds for axis 0 with size 22
Generating CSV report...
CSV export failed: name 'export_to_csv' is not defined
Generating PDF report...
Saved PDF report to results/screening/22/report.pdf
PDF report generated.
Full report generated in results/screening/22
Pipeline complete. Outputs in results/screening/22
23
Loaded 'data_23.dat': 23 rows, skipped 0 header/comment/non-numeric lines.
Validation passed
Final config: {'V': 25.0, 'C_B': 0.1, 'titration_type': 'acid_base', 'r2_threshold': 0.95}
DEBUG preprocess: potential first 5: [182.1 181.6 180.9 178.7 172.9]
Detected acid titration (negative slope). No flip.
Preprocessing complete: Arrays extracted, params merged, type auto-detected (if acid_base).
DEBUG df:     volume  potential
0   0.0000      182.1
1   0.0200      181.6
2   0.0400      180.9
3   0.0900      178.7
4   0.2150      172.9
5   0.3825      166.0
6   0.5825      158.2
7   0.7825      151.4
8   0.9825      145.6
9   1.1825      140.1
10  1.3825      134.7
11  1.5825      129.8
12  1.7825      124.9
13  1.9825      120.2
14  2.1825      115.8
15  2.3825      111.0
16  2.5825      105.7
17  2.7825      100.2
18  2.9825       94.8
19  3.1825       88.0
20  3.3825       80.5
21  3.5825       70.2
22  3.7030       62.8
DEBUG params: {'volume_array': array([0.    , 0.02  , 0.04  , 0.09  , 0.215 , 0.3825, 0.5825, 0.7825,
       0.9825, 1.1825, 1.3825, 1.5825, 1.7825, 1.9825, 2.1825, 2.3825,
       2.5825, 2.7825, 2.9825, 3.1825, 3.3825, 3.5825, 3.703 ]), 'potential_array': array([182.1, 181.6, 180.9, 178.7, 172.9, 166. , 158.2, 151.4, 145.6,
       140.1, 134.7, 129.8, 124.9, 120.2, 115.8, 111. , 105.7, 100.2,
        94.8,  88. ,  80.5,  70.2,  62.8]), 'V': 25.0, 'C_B': 0.1, 'titration_type': 'acid_base', 'r2_threshold': 0.95, 'is_base': False}
Computing Gran/Schwartz for type: acid_base
DEBUG gran_functions: potential first 5: [182.1 181.6 180.9 178.7 172.9]
DEBUG gran_functions: pH first 5: [3.92190669 3.93035835 3.94219067 3.97937796 4.07741717]
Gran and Schwartz computed successfully.
Computing Gran/Schwartz for type: acid_base
DEBUG gran_functions: potential first 5: [182.1 181.6 180.9 178.7 172.9]
DEBUG gran_functions: pH first 5: [3.92190669 3.93035835 3.94219067 3.97937796 4.07741717]
Gran and Schwartz computed successfully.
=== ANALYZER NESTED RESULTS ===
Gran Raw: V_eq = 4.126 mL, R² = 0.9995, k = 0.000, Zone = 15-22
Gran Opt: V_eq = 4.101 mL, R² = 0.9998, k = 0.239, Zone = 14-22
Schwartz Raw: V_eq = 4.126 mL, R² = 0.9995, k = 0.000, Zone = 15-22
Schwartz Opt: V_eq = 4.101 mL, R² = 0.9998, k = 0.239, Zone = 14-22
pH shape: (23,)
=== END ANALYZER NESTED ===
Titration curve saved to results/screening/23/titration_curve.png
Gran/Schwartz combined plot saved to results/screening/23/gran_schwartz.png
Combined overview plot saved to results/screening/23/plots.png
All visualizations saved to results/screening/23
Generating CSV report...
CSV export failed: name 'export_to_csv' is not defined
Generating PDF report...
Saved PDF report to results/screening/23/report.pdf
PDF report generated.
Full report generated in results/screening/23
Pipeline complete. Outputs in results/screening/23
24
Loaded 'data_24.dat': 24 rows, skipped 0 header/comment/non-numeric lines.
Validation passed
Final config: {'V': 25.0, 'C_B': 0.1, 'titration_type': 'acid_base', 'r2_threshold': 0.95}
DEBUG preprocess: potential first 5: [182.1 181.6 180.9 178.7 172.9]
Detected acid titration (negative slope). No flip.
Preprocessing complete: Arrays extracted, params merged, type auto-detected (if acid_base).
DEBUG df:     volume  potential
0   0.0000      182.1
1   0.0200      181.6
2   0.0400      180.9
3   0.0900      178.7
4   0.2150      172.9
5   0.3825      166.0
6   0.5825      158.2
7   0.7825      151.4
8   0.9825      145.6
9   1.1825      140.1
10  1.3825      134.7
11  1.5825      129.8
12  1.7825      124.9
13  1.9825      120.2
14  2.1825      115.8
15  2.3825      111.0
16  2.5825      105.7
17  2.7825      100.2
18  2.9825       94.8
19  3.1825       88.0
20  3.3825       80.5
21  3.5825       70.2
22  3.7030       62.8
23  3.8115       53.5
DEBUG params: {'volume_array': array([0.    , 0.02  , 0.04  , 0.09  , 0.215 , 0.3825, 0.5825, 0.7825,
       0.9825, 1.1825, 1.3825, 1.5825, 1.7825, 1.9825, 2.1825, 2.3825,
       2.5825, 2.7825, 2.9825, 3.1825, 3.3825, 3.5825, 3.703 , 3.8115]), 'potential_array': array([182.1, 181.6, 180.9, 178.7, 172.9, 166. , 158.2, 151.4, 145.6,
       140.1, 134.7, 129.8, 124.9, 120.2, 115.8, 111. , 105.7, 100.2,
        94.8,  88. ,  80.5,  70.2,  62.8,  53.5]), 'V': 25.0, 'C_B': 0.1, 'titration_type': 'acid_base', 'r2_threshold': 0.95, 'is_base': False}
Computing Gran/Schwartz for type: acid_base
DEBUG gran_functions: potential first 5: [182.1 181.6 180.9 178.7 172.9]
DEBUG gran_functions: pH first 5: [3.92190669 3.93035835 3.94219067 3.97937796 4.07741717]
Gran and Schwartz computed successfully.
Computing Gran/Schwartz for type: acid_base
DEBUG gran_functions: potential first 5: [182.1 181.6 180.9 178.7 172.9]
DEBUG gran_functions: pH first 5: [3.92190669 3.93035835 3.94219067 3.97937796 4.07741717]
Gran and Schwartz computed successfully.
=== ANALYZER NESTED RESULTS ===
Gran Raw: V_eq = 4.132 mL, R² = 0.9996, k = 0.000, Zone = 14-22
Gran Opt: V_eq = 4.101 mL, R² = 0.9998, k = 0.219, Zone = 14-23
Schwartz Raw: V_eq = 4.132 mL, R² = 0.9996, k = 0.000, Zone = 14-22
Schwartz Opt: V_eq = 4.101 mL, R² = 0.9998, k = 0.219, Zone = 14-23
pH shape: (24,)
=== END ANALYZER NESTED ===
Titration curve saved to results/screening/24/titration_curve.png
Gran/Schwartz combined plot saved to results/screening/24/gran_schwartz.png
Combined overview plot saved to results/screening/24/plots.png
All visualizations saved to results/screening/24
Generating CSV report...
CSV export failed: name 'export_to_csv' is not defined
Generating PDF report...
Saved PDF report to results/screening/24/report.pdf
PDF report generated.
Full report generated in results/screening/24
Pipeline complete. Outputs in results/screening/24
25
Loaded 'data_25.dat': 25 rows, skipped 0 header/comment/non-numeric lines.
Validation passed
Final config: {'V': 25.0, 'C_B': 0.1, 'titration_type': 'acid_base', 'r2_threshold': 0.95}
DEBUG preprocess: potential first 5: [182.1 181.6 180.9 178.7 172.9]
Detected acid titration (negative slope). No flip.
Preprocessing complete: Arrays extracted, params merged, type auto-detected (if acid_base).
DEBUG df:     volume  potential
0   0.0000      182.1
1   0.0200      181.6
2   0.0400      180.9
3   0.0900      178.7
4   0.2150      172.9
5   0.3825      166.0
6   0.5825      158.2
7   0.7825      151.4
8   0.9825      145.6
9   1.1825      140.1
10  1.3825      134.7
11  1.5825      129.8
12  1.7825      124.9
13  1.9825      120.2
14  2.1825      115.8
15  2.3825      111.0
16  2.5825      105.7
17  2.7825      100.2
18  2.9825       94.8
19  3.1825       88.0
20  3.3825       80.5
21  3.5825       70.2
22  3.7030       62.8
23  3.8115       53.5
24  3.8790       46.2
DEBUG params: {'volume_array': array([0.    , 0.02  , 0.04  , 0.09  , 0.215 , 0.3825, 0.5825, 0.7825,
       0.9825, 1.1825, 1.3825, 1.5825, 1.7825, 1.9825, 2.1825, 2.3825,
       2.5825, 2.7825, 2.9825, 3.1825, 3.3825, 3.5825, 3.703 , 3.8115,
       3.879 ]), 'potential_array': array([182.1, 181.6, 180.9, 178.7, 172.9, 166. , 158.2, 151.4, 145.6,
       140.1, 134.7, 129.8, 124.9, 120.2, 115.8, 111. , 105.7, 100.2,
        94.8,  88. ,  80.5,  70.2,  62.8,  53.5,  46.2]), 'V': 25.0, 'C_B': 0.1, 'titration_type': 'acid_base', 'r2_threshold': 0.95, 'is_base': False}
Computing Gran/Schwartz for type: acid_base
DEBUG gran_functions: potential first 5: [182.1 181.6 180.9 178.7 172.9]
DEBUG gran_functions: pH first 5: [3.92190669 3.93035835 3.94219067 3.97937796 4.07741717]
Gran and Schwartz computed successfully.
Computing Gran/Schwartz for type: acid_base
DEBUG gran_functions: potential first 5: [182.1 181.6 180.9 178.7 172.9]
DEBUG gran_functions: pH first 5: [3.92190669 3.93035835 3.94219067 3.97937796 4.07741717]
Gran and Schwartz computed successfully.
=== ANALYZER NESTED RESULTS ===
Gran Raw: V_eq = 4.132 mL, R² = 0.9996, k = 0.000, Zone = 14-22
Gran Opt: V_eq = 4.101 mL, R² = 0.9998, k = 0.219, Zone = 14-23
Schwartz Raw: V_eq = 4.132 mL, R² = 0.9996, k = 0.000, Zone = 14-22
Schwartz Opt: V_eq = 4.101 mL, R² = 0.9998, k = 0.219, Zone = 14-23
pH shape: (25,)
=== END ANALYZER NESTED ===
Titration curve saved to results/screening/25/titration_curve.png
Gran/Schwartz combined plot saved to results/screening/25/gran_schwartz.png
Combined overview plot saved to results/screening/25/plots.png
All visualizations saved to results/screening/25
Generating CSV report...
CSV export failed: name 'export_to_csv' is not defined
Generating PDF report...
Saved PDF report to results/screening/25/report.pdf
PDF report generated.
Full report generated in results/screening/25
Pipeline complete. Outputs in results/screening/25
26
Loaded 'data_26.dat': 26 rows, skipped 0 header/comment/non-numeric lines.
Validation passed
Final config: {'V': 25.0, 'C_B': 0.1, 'titration_type': 'acid_base', 'r2_threshold': 0.95}
DEBUG preprocess: potential first 5: [182.1 181.6 180.9 178.7 172.9]
Detected acid titration (negative slope). No flip.
Preprocessing complete: Arrays extracted, params merged, type auto-detected (if acid_base).
DEBUG df:     volume  potential
0   0.0000      182.1
1   0.0200      181.6
2   0.0400      180.9
3   0.0900      178.7
4   0.2150      172.9
5   0.3825      166.0
6   0.5825      158.2
7   0.7825      151.4
8   0.9825      145.6
9   1.1825      140.1
10  1.3825      134.7
11  1.5825      129.8
12  1.7825      124.9
13  1.9825      120.2
14  2.1825      115.8
15  2.3825      111.0
16  2.5825      105.7
17  2.7825      100.2
18  2.9825       94.8
19  3.1825       88.0
20  3.3825       80.5
21  3.5825       70.2
22  3.7030       62.8
23  3.8115       53.5
24  3.8790       46.2
25  3.9370       36.6
DEBUG params: {'volume_array': array([0.    , 0.02  , 0.04  , 0.09  , 0.215 , 0.3825, 0.5825, 0.7825,
       0.9825, 1.1825, 1.3825, 1.5825, 1.7825, 1.9825, 2.1825, 2.3825,
       2.5825, 2.7825, 2.9825, 3.1825, 3.3825, 3.5825, 3.703 , 3.8115,
       3.879 , 3.937 ]), 'potential_array': array([182.1, 181.6, 180.9, 178.7, 172.9, 166. , 158.2, 151.4, 145.6,
       140.1, 134.7, 129.8, 124.9, 120.2, 115.8, 111. , 105.7, 100.2,
        94.8,  88. ,  80.5,  70.2,  62.8,  53.5,  46.2,  36.6]), 'V': 25.0, 'C_B': 0.1, 'titration_type': 'acid_base', 'r2_threshold': 0.95, 'is_base': False}
Computing Gran/Schwartz for type: acid_base
DEBUG gran_functions: potential first 5: [182.1 181.6 180.9 178.7 172.9]
DEBUG gran_functions: pH first 5: [3.92190669 3.93035835 3.94219067 3.97937796 4.07741717]
Gran and Schwartz computed successfully.
Computing Gran/Schwartz for type: acid_base
DEBUG gran_functions: potential first 5: [182.1 181.6 180.9 178.7 172.9]
DEBUG gran_functions: pH first 5: [3.92190669 3.93035835 3.94219067 3.97937796 4.07741717]
Gran and Schwartz computed successfully.
=== ANALYZER NESTED RESULTS ===
Gran Raw: V_eq = 4.115 mL, R² = 0.9996, k = 0.000, Zone = 15-24
Gran Opt: V_eq = 4.095 mL, R² = 0.9999, k = 0.285, Zone = 14-24
Schwartz Raw: V_eq = 4.115 mL, R² = 0.9996, k = 0.000, Zone = 15-24
Schwartz Opt: V_eq = 4.095 mL, R² = 0.9999, k = 0.285, Zone = 14-24
pH shape: (26,)
=== END ANALYZER NESTED ===
Titration curve saved to results/screening/26/titration_curve.png
Gran/Schwartz combined plot saved to results/screening/26/gran_schwartz.png
Combined overview plot saved to results/screening/26/plots.png
All visualizations saved to results/screening/26
Generating CSV report...
CSV export failed: name 'export_to_csv' is not defined
Generating PDF report...
Saved PDF report to results/screening/26/report.pdf
PDF report generated.
Full report generated in results/screening/26
Pipeline complete. Outputs in results/screening/26
27
Loaded 'data_27.dat': 27 rows, skipped 0 header/comment/non-numeric lines.
Validation passed
Final config: {'V': 25.0, 'C_B': 0.1, 'titration_type': 'acid_base', 'r2_threshold': 0.95}
DEBUG preprocess: potential first 5: [182.1 181.6 180.9 178.7 172.9]
Detected acid titration (negative slope). No flip.
Preprocessing complete: Arrays extracted, params merged, type auto-detected (if acid_base).
DEBUG df:     volume  potential
0   0.0000      182.1
1   0.0200      181.6
2   0.0400      180.9
3   0.0900      178.7
4   0.2150      172.9
5   0.3825      166.0
6   0.5825      158.2
7   0.7825      151.4
8   0.9825      145.6
9   1.1825      140.1
10  1.3825      134.7
11  1.5825      129.8
12  1.7825      124.9
13  1.9825      120.2
14  2.1825      115.8
15  2.3825      111.0
16  2.5825      105.7
17  2.7825      100.2
18  2.9825       94.8
19  3.1825       88.0
20  3.3825       80.5
21  3.5825       70.2
22  3.7030       62.8
23  3.8115       53.5
24  3.8790       46.2
25  3.9370       36.6
26  3.9690       28.4
DEBUG params: {'volume_array': array([0.    , 0.02  , 0.04  , 0.09  , 0.215 , 0.3825, 0.5825, 0.7825,
       0.9825, 1.1825, 1.3825, 1.5825, 1.7825, 1.9825, 2.1825, 2.3825,
       2.5825, 2.7825, 2.9825, 3.1825, 3.3825, 3.5825, 3.703 , 3.8115,
       3.879 , 3.937 , 3.969 ]), 'potential_array': array([182.1, 181.6, 180.9, 178.7, 172.9, 166. , 158.2, 151.4, 145.6,
       140.1, 134.7, 129.8, 124.9, 120.2, 115.8, 111. , 105.7, 100.2,
        94.8,  88. ,  80.5,  70.2,  62.8,  53.5,  46.2,  36.6,  28.4]), 'V': 25.0, 'C_B': 0.1, 'titration_type': 'acid_base', 'r2_threshold': 0.95, 'is_base': False}
Computing Gran/Schwartz for type: acid_base
DEBUG gran_functions: potential first 5: [182.1 181.6 180.9 178.7 172.9]
DEBUG gran_functions: pH first 5: [3.92190669 3.93035835 3.94219067 3.97937796 4.07741717]
Gran and Schwartz computed successfully.
Computing Gran/Schwartz for type: acid_base
DEBUG gran_functions: potential first 5: [182.1 181.6 180.9 178.7 172.9]
DEBUG gran_functions: pH first 5: [3.92190669 3.93035835 3.94219067 3.97937796 4.07741717]
Gran and Schwartz computed successfully.
=== ANALYZER NESTED RESULTS ===
Gran Raw: V_eq = 4.091 mL, R² = 0.9997, k = 0.000, Zone = 18-27
Gran Opt: V_eq = 4.080 mL, R² = 0.9997, k = 0.582, Zone = 15-27
Schwartz Raw: V_eq = 4.091 mL, R² = 0.9997, k = 0.000, Zone = 18-27
Schwartz Opt: V_eq = 4.080 mL, R² = 0.9997, k = 0.582, Zone = 15-27
pH shape: (27,)
=== END ANALYZER NESTED ===
Titration curve saved to results/screening/27/titration_curve.png
Visualize error: index 27 is out of bounds for axis 0 with size 27
Generating CSV report...
CSV export failed: name 'export_to_csv' is not defined
Generating PDF report...
Saved PDF report to results/screening/27/report.pdf
PDF report generated.
Full report generated in results/screening/27
Pipeline complete. Outputs in results/screening/27
28
Loaded 'data_28.dat': 28 rows, skipped 0 header/comment/non-numeric lines.
Validation passed
Final config: {'V': 25.0, 'C_B': 0.1, 'titration_type': 'acid_base', 'r2_threshold': 0.95}
DEBUG preprocess: potential first 5: [182.1 181.6 180.9 178.7 172.9]
Detected acid titration (negative slope). No flip.
Preprocessing complete: Arrays extracted, params merged, type auto-detected (if acid_base).
DEBUG df:     volume  potential
0   0.0000      182.1
1   0.0200      181.6
2   0.0400      180.9
3   0.0900      178.7
4   0.2150      172.9
5   0.3825      166.0
6   0.5825      158.2
7   0.7825      151.4
8   0.9825      145.6
9   1.1825      140.1
10  1.3825      134.7
11  1.5825      129.8
12  1.7825      124.9
13  1.9825      120.2
14  2.1825      115.8
15  2.3825      111.0
16  2.5825      105.7
17  2.7825      100.2
18  2.9825       94.8
19  3.1825       88.0
20  3.3825       80.5
21  3.5825       70.2
22  3.7030       62.8
23  3.8115       53.5
24  3.8790       46.2
25  3.9370       36.6
26  3.9690       28.4
27  3.9890       25.6
DEBUG params: {'volume_array': array([0.    , 0.02  , 0.04  , 0.09  , 0.215 , 0.3825, 0.5825, 0.7825,
       0.9825, 1.1825, 1.3825, 1.5825, 1.7825, 1.9825, 2.1825, 2.3825,
       2.5825, 2.7825, 2.9825, 3.1825, 3.3825, 3.5825, 3.703 , 3.8115,
       3.879 , 3.937 , 3.969 , 3.989 ]), 'potential_array': array([182.1, 181.6, 180.9, 178.7, 172.9, 166. , 158.2, 151.4, 145.6,
       140.1, 134.7, 129.8, 124.9, 120.2, 115.8, 111. , 105.7, 100.2,
        94.8,  88. ,  80.5,  70.2,  62.8,  53.5,  46.2,  36.6,  28.4,
        25.6]), 'V': 25.0, 'C_B': 0.1, 'titration_type': 'acid_base', 'r2_threshold': 0.95, 'is_base': False}
Computing Gran/Schwartz for type: acid_base
DEBUG gran_functions: potential first 5: [182.1 181.6 180.9 178.7 172.9]
DEBUG gran_functions: pH first 5: [3.92190669 3.93035835 3.94219067 3.97937796 4.07741717]
Gran and Schwartz computed successfully.
Computing Gran/Schwartz for type: acid_base
DEBUG gran_functions: potential first 5: [182.1 181.6 180.9 178.7 172.9]
DEBUG gran_functions: pH first 5: [3.92190669 3.93035835 3.94219067 3.97937796 4.07741717]
Gran and Schwartz computed successfully.
=== ANALYZER NESTED RESULTS ===
Gran Raw: V_eq = 4.091 mL, R² = 0.9997, k = 0.000, Zone = 18-28
Gran Opt: V_eq = 4.085 mL, R² = 0.9999, k = 0.534, Zone = 16-28
Schwartz Raw: V_eq = 4.091 mL, R² = 0.9997, k = 0.000, Zone = 18-28
Schwartz Opt: V_eq = 4.085 mL, R² = 0.9999, k = 0.534, Zone = 16-28
pH shape: (28,)
=== END ANALYZER NESTED ===
Titration curve saved to results/screening/28/titration_curve.png
Visualize error: index 28 is out of bounds for axis 0 with size 28
Generating CSV report...
CSV export failed: name 'export_to_csv' is not defined
Generating PDF report...
Saved PDF report to results/screening/28/report.pdf
PDF report generated.
Full report generated in results/screening/28
Pipeline complete. Outputs in results/screening/28
29
Loaded 'data_29.dat': 29 rows, skipped 0 header/comment/non-numeric lines.
Validation passed
Final config: {'V': 25.0, 'C_B': 0.1, 'titration_type': 'acid_base', 'r2_threshold': 0.95}
DEBUG preprocess: potential first 5: [182.1 181.6 180.9 178.7 172.9]
Detected acid titration (negative slope). No flip.
Preprocessing complete: Arrays extracted, params merged, type auto-detected (if acid_base).
DEBUG df:     volume  potential
0   0.0000      182.1
1   0.0200      181.6
2   0.0400      180.9
3   0.0900      178.7
4   0.2150      172.9
5   0.3825      166.0
6   0.5825      158.2
7   0.7825      151.4
8   0.9825      145.6
9   1.1825      140.1
10  1.3825      134.7
11  1.5825      129.8
12  1.7825      124.9
13  1.9825      120.2
14  2.1825      115.8
15  2.3825      111.0
16  2.5825      105.7
17  2.7825      100.2
18  2.9825       94.8
19  3.1825       88.0
20  3.3825       80.5
21  3.5825       70.2
22  3.7030       62.8
23  3.8115       53.5
24  3.8790       46.2
25  3.9370       36.6
26  3.9690       28.4
27  3.9890       25.6
28  4.0390        5.4
DEBUG params: {'volume_array': array([0.    , 0.02  , 0.04  , 0.09  , 0.215 , 0.3825, 0.5825, 0.7825,
       0.9825, 1.1825, 1.3825, 1.5825, 1.7825, 1.9825, 2.1825, 2.3825,
       2.5825, 2.7825, 2.9825, 3.1825, 3.3825, 3.5825, 3.703 , 3.8115,
       3.879 , 3.937 , 3.969 , 3.989 , 4.039 ]), 'potential_array': array([182.1, 181.6, 180.9, 178.7, 172.9, 166. , 158.2, 151.4, 145.6,
       140.1, 134.7, 129.8, 124.9, 120.2, 115.8, 111. , 105.7, 100.2,
        94.8,  88. ,  80.5,  70.2,  62.8,  53.5,  46.2,  36.6,  28.4,
        25.6,   5.4]), 'V': 25.0, 'C_B': 0.1, 'titration_type': 'acid_base', 'r2_threshold': 0.95, 'is_base': False}
Computing Gran/Schwartz for type: acid_base
DEBUG gran_functions: potential first 5: [182.1 181.6 180.9 178.7 172.9]
DEBUG gran_functions: pH first 5: [3.92190669 3.93035835 3.94219067 3.97937796 4.07741717]
Gran and Schwartz computed successfully.
Computing Gran/Schwartz for type: acid_base
DEBUG gran_functions: potential first 5: [182.1 181.6 180.9 178.7 172.9]
DEBUG gran_functions: pH first 5: [3.92190669 3.93035835 3.94219067 3.97937796 4.07741717]
Gran and Schwartz computed successfully.
=== ANALYZER NESTED RESULTS ===
Gran Raw: V_eq = 4.090 mL, R² = 0.9997, k = 0.000, Zone = 18-28
Gran Opt: V_eq = 4.085 mL, R² = 0.9999, k = 0.528, Zone = 16-29
Schwartz Raw: V_eq = 4.090 mL, R² = 0.9997, k = 0.000, Zone = 18-28
Schwartz Opt: V_eq = 4.085 mL, R² = 0.9999, k = 0.528, Zone = 16-29
pH shape: (29,)
=== END ANALYZER NESTED ===
Titration curve saved to results/screening/29/titration_curve.png
Visualize error: index 29 is out of bounds for axis 0 with size 29
Generating CSV report...
CSV export failed: name 'export_to_csv' is not defined
Generating PDF report...
Saved PDF report to results/screening/29/report.pdf
PDF report generated.
Full report generated in results/screening/29
Pipeline complete. Outputs in results/screening/29
30
Loaded 'data_30.dat': 30 rows, skipped 0 header/comment/non-numeric lines.
Validation passed
Final config: {'V': 25.0, 'C_B': 0.1, 'titration_type': 'acid_base', 'r2_threshold': 0.95}
DEBUG preprocess: potential first 5: [182.1 181.6 180.9 178.7 172.9]
Detected acid titration (negative slope). No flip.
Preprocessing complete: Arrays extracted, params merged, type auto-detected (if acid_base).
DEBUG df:     volume  potential
0   0.0000      182.1
1   0.0200      181.6
2   0.0400      180.9
3   0.0900      178.7
4   0.2150      172.9
5   0.3825      166.0
6   0.5825      158.2
7   0.7825      151.4
8   0.9825      145.6
9   1.1825      140.1
10  1.3825      134.7
11  1.5825      129.8
12  1.7825      124.9
13  1.9825      120.2
14  2.1825      115.8
15  2.3825      111.0
16  2.5825      105.7
17  2.7825      100.2
18  2.9825       94.8
19  3.1825       88.0
20  3.3825       80.5
21  3.5825       70.2
22  3.7030       62.8
23  3.8115       53.5
24  3.8790       46.2
25  3.9370       36.6
26  3.9690       28.4
27  3.9890       25.6
28  4.0390        5.4
29  4.0590       -7.9
DEBUG params: {'volume_array': array([0.    , 0.02  , 0.04  , 0.09  , 0.215 , 0.3825, 0.5825, 0.7825,
       0.9825, 1.1825, 1.3825, 1.5825, 1.7825, 1.9825, 2.1825, 2.3825,
       2.5825, 2.7825, 2.9825, 3.1825, 3.3825, 3.5825, 3.703 , 3.8115,
       3.879 , 3.937 , 3.969 , 3.989 , 4.039 , 4.059 ]), 'potential_array': array([182.1, 181.6, 180.9, 178.7, 172.9, 166. , 158.2, 151.4, 145.6,
       140.1, 134.7, 129.8, 124.9, 120.2, 115.8, 111. , 105.7, 100.2,
        94.8,  88. ,  80.5,  70.2,  62.8,  53.5,  46.2,  36.6,  28.4,
        25.6,   5.4,  -7.9]), 'V': 25.0, 'C_B': 0.1, 'titration_type': 'acid_base', 'r2_threshold': 0.95, 'is_base': False}
Computing Gran/Schwartz for type: acid_base
DEBUG gran_functions: potential first 5: [182.1 181.6 180.9 178.7 172.9]
DEBUG gran_functions: pH first 5: [3.92190669 3.93035835 3.94219067 3.97937796 4.07741717]
Gran and Schwartz computed successfully.
Computing Gran/Schwartz for type: acid_base
DEBUG gran_functions: potential first 5: [182.1 181.6 180.9 178.7 172.9]
DEBUG gran_functions: pH first 5: [3.92190669 3.93035835 3.94219067 3.97937796 4.07741717]
Gran and Schwartz computed successfully.
=== ANALYZER NESTED RESULTS ===
Gran Raw: V_eq = 4.089 mL, R² = 0.9997, k = 0.000, Zone = 18-29
Gran Opt: V_eq = 4.085 mL, R² = 0.9999, k = 0.495, Zone = 16-29
Schwartz Raw: V_eq = 4.089 mL, R² = 0.9997, k = 0.000, Zone = 18-29
Schwartz Opt: V_eq = 4.085 mL, R² = 0.9999, k = 0.495, Zone = 16-29
pH shape: (30,)
=== END ANALYZER NESTED ===
Titration curve saved to results/screening/30/titration_curve.png
Gran/Schwartz combined plot saved to results/screening/30/gran_schwartz.png
Combined overview plot saved to results/screening/30/plots.png
All visualizations saved to results/screening/30
Generating CSV report...
CSV export failed: name 'export_to_csv' is not defined
Generating PDF report...
Saved PDF report to results/screening/30/report.pdf
PDF report generated.
Full report generated in results/screening/30
Pipeline complete. Outputs in results/screening/30
31
Loaded 'data_31.dat': 31 rows, skipped 0 header/comment/non-numeric lines.
Validation passed
Final config: {'V': 25.0, 'C_B': 0.1, 'titration_type': 'acid_base', 'r2_threshold': 0.95}
DEBUG preprocess: potential first 5: [182.1 181.6 180.9 178.7 172.9]
Detected acid titration (negative slope). No flip.
Preprocessing complete: Arrays extracted, params merged, type auto-detected (if acid_base).
DEBUG df:     volume  potential
0   0.0000      182.1
1   0.0200      181.6
2   0.0400      180.9
3   0.0900      178.7
4   0.2150      172.9
5   0.3825      166.0
6   0.5825      158.2
7   0.7825      151.4
8   0.9825      145.6
9   1.1825      140.1
10  1.3825      134.7
11  1.5825      129.8
12  1.7825      124.9
13  1.9825      120.2
14  2.1825      115.8
15  2.3825      111.0
16  2.5825      105.7
17  2.7825      100.2
18  2.9825       94.8
19  3.1825       88.0
20  3.3825       80.5
21  3.5825       70.2
22  3.7030       62.8
23  3.8115       53.5
24  3.8790       46.2
25  3.9370       36.6
26  3.9690       28.4
27  3.9890       25.6
28  4.0390        5.4
29  4.0590       -7.9
30  4.0790      -55.1
DEBUG params: {'volume_array': array([0.    , 0.02  , 0.04  , 0.09  , 0.215 , 0.3825, 0.5825, 0.7825,
       0.9825, 1.1825, 1.3825, 1.5825, 1.7825, 1.9825, 2.1825, 2.3825,
       2.5825, 2.7825, 2.9825, 3.1825, 3.3825, 3.5825, 3.703 , 3.8115,
       3.879 , 3.937 , 3.969 , 3.989 , 4.039 , 4.059 , 4.079 ]), 'potential_array': array([182.1, 181.6, 180.9, 178.7, 172.9, 166. , 158.2, 151.4, 145.6,
       140.1, 134.7, 129.8, 124.9, 120.2, 115.8, 111. , 105.7, 100.2,
        94.8,  88. ,  80.5,  70.2,  62.8,  53.5,  46.2,  36.6,  28.4,
        25.6,   5.4,  -7.9, -55.1]), 'V': 25.0, 'C_B': 0.1, 'titration_type': 'acid_base', 'r2_threshold': 0.95, 'is_base': False}
Computing Gran/Schwartz for type: acid_base
DEBUG gran_functions: potential first 5: [182.1 181.6 180.9 178.7 172.9]
DEBUG gran_functions: pH first 5: [3.92190669 3.93035835 3.94219067 3.97937796 4.07741717]
Gran and Schwartz computed successfully.
Computing Gran/Schwartz for type: acid_base
DEBUG gran_functions: potential first 5: [182.1 181.6 180.9 178.7 172.9]
DEBUG gran_functions: pH first 5: [3.92190669 3.93035835 3.94219067 3.97937796 4.07741717]
Gran and Schwartz computed successfully.
=== ANALYZER NESTED RESULTS ===
Gran Raw: V_eq = 4.089 mL, R² = 0.9997, k = 0.000, Zone = 18-29
Gran Opt: V_eq = 4.085 mL, R² = 0.9999, k = 0.495, Zone = 16-30
Schwartz Raw: V_eq = 4.089 mL, R² = 0.9997, k = 0.000, Zone = 18-29
Schwartz Opt: V_eq = 4.085 mL, R² = 0.9999, k = 0.495, Zone = 16-30
pH shape: (31,)
=== END ANALYZER NESTED ===
Titration curve saved to results/screening/31/titration_curve.png
Gran/Schwartz combined plot saved to results/screening/31/gran_schwartz.png
Combined overview plot saved to results/screening/31/plots.png
All visualizations saved to results/screening/31
Generating CSV report...
CSV export failed: name 'export_to_csv' is not defined
Generating PDF report...
Saved PDF report to results/screening/31/report.pdf
PDF report generated.
Full report generated in results/screening/31
Pipeline complete. Outputs in results/screening/31
32
Loaded 'data_32.dat': 32 rows, skipped 0 header/comment/non-numeric lines.
Validation passed
Final config: {'V': 25.0, 'C_B': 0.1, 'titration_type': 'acid_base', 'r2_threshold': 0.95}
DEBUG preprocess: potential first 5: [182.1 181.6 180.9 178.7 172.9]
Detected acid titration (negative slope). No flip.
Preprocessing complete: Arrays extracted, params merged, type auto-detected (if acid_base).
DEBUG df:     volume  potential
0   0.0000      182.1
1   0.0200      181.6
2   0.0400      180.9
3   0.0900      178.7
4   0.2150      172.9
5   0.3825      166.0
6   0.5825      158.2
7   0.7825      151.4
8   0.9825      145.6
9   1.1825      140.1
10  1.3825      134.7
11  1.5825      129.8
12  1.7825      124.9
13  1.9825      120.2
14  2.1825      115.8
15  2.3825      111.0
16  2.5825      105.7
17  2.7825      100.2
18  2.9825       94.8
19  3.1825       88.0
20  3.3825       80.5
21  3.5825       70.2
22  3.7030       62.8
23  3.8115       53.5
24  3.8790       46.2
25  3.9370       36.6
26  3.9690       28.4
27  3.9890       25.6
28  4.0390        5.4
29  4.0590       -7.9
30  4.0790      -55.1
31  4.0990     -114.1
DEBUG params: {'volume_array': array([0.    , 0.02  , 0.04  , 0.09  , 0.215 , 0.3825, 0.5825, 0.7825,
       0.9825, 1.1825, 1.3825, 1.5825, 1.7825, 1.9825, 2.1825, 2.3825,
       2.5825, 2.7825, 2.9825, 3.1825, 3.3825, 3.5825, 3.703 , 3.8115,
       3.879 , 3.937 , 3.969 , 3.989 , 4.039 , 4.059 , 4.079 , 4.099 ]), 'potential_array': array([ 182.1,  181.6,  180.9,  178.7,  172.9,  166. ,  158.2,  151.4,
        145.6,  140.1,  134.7,  129.8,  124.9,  120.2,  115.8,  111. ,
        105.7,  100.2,   94.8,   88. ,   80.5,   70.2,   62.8,   53.5,
         46.2,   36.6,   28.4,   25.6,    5.4,   -7.9,  -55.1, -114.1]), 'V': 25.0, 'C_B': 0.1, 'titration_type': 'acid_base', 'r2_threshold': 0.95, 'is_base': False}
Computing Gran/Schwartz for type: acid_base
DEBUG gran_functions: potential first 5: [182.1 181.6 180.9 178.7 172.9]
DEBUG gran_functions: pH first 5: [3.92190669 3.93035835 3.94219067 3.97937796 4.07741717]
Gran and Schwartz computed successfully.
Computing Gran/Schwartz for type: acid_base
DEBUG gran_functions: potential first 5: [182.1 181.6 180.9 178.7 172.9]
DEBUG gran_functions: pH first 5: [3.92190669 3.93035835 3.94219067 3.97937796 4.07741717]
Gran and Schwartz computed successfully.
=== ANALYZER NESTED RESULTS ===
Gran Raw: V_eq = 4.088 mL, R² = 0.9997, k = 0.000, Zone = 18-30
Gran Opt: V_eq = 4.085 mL, R² = 0.9999, k = 0.501, Zone = 16-30
Schwartz Raw: V_eq = 4.088 mL, R² = 0.9997, k = 0.000, Zone = 18-30
Schwartz Opt: V_eq = 4.085 mL, R² = 0.9999, k = 0.501, Zone = 16-30
pH shape: (32,)
=== END ANALYZER NESTED ===
Titration curve saved to results/screening/32/titration_curve.png
Gran/Schwartz combined plot saved to results/screening/32/gran_schwartz.png
Combined overview plot saved to results/screening/32/plots.png
All visualizations saved to results/screening/32
Generating CSV report...
CSV export failed: name 'export_to_csv' is not defined
Generating PDF report...
Saved PDF report to results/screening/32/report.pdf
PDF report generated.
Full report generated in results/screening/32
Pipeline complete. Outputs in results/screening/32
33
Loaded 'data_33.dat': 33 rows, skipped 0 header/comment/non-numeric lines.
Validation passed
Final config: {'V': 25.0, 'C_B': 0.1, 'titration_type': 'acid_base', 'r2_threshold': 0.95}
DEBUG preprocess: potential first 5: [182.1 181.6 180.9 178.7 172.9]
Detected acid titration (negative slope). No flip.
Preprocessing complete: Arrays extracted, params merged, type auto-detected (if acid_base).
DEBUG df:     volume  potential
0   0.0000      182.1
1   0.0200      181.6
2   0.0400      180.9
3   0.0900      178.7
4   0.2150      172.9
5   0.3825      166.0
6   0.5825      158.2
7   0.7825      151.4
8   0.9825      145.6
9   1.1825      140.1
10  1.3825      134.7
11  1.5825      129.8
12  1.7825      124.9
13  1.9825      120.2
14  2.1825      115.8
15  2.3825      111.0
16  2.5825      105.7
17  2.7825      100.2
18  2.9825       94.8
19  3.1825       88.0
20  3.3825       80.5
21  3.5825       70.2
22  3.7030       62.8
23  3.8115       53.5
24  3.8790       46.2
25  3.9370       36.6
26  3.9690       28.4
27  3.9890       25.6
28  4.0390        5.4
29  4.0590       -7.9
30  4.0790      -55.1
31  4.0990     -114.1
32  4.1190     -134.6
DEBUG params: {'volume_array': array([0.    , 0.02  , 0.04  , 0.09  , 0.215 , 0.3825, 0.5825, 0.7825,
       0.9825, 1.1825, 1.3825, 1.5825, 1.7825, 1.9825, 2.1825, 2.3825,
       2.5825, 2.7825, 2.9825, 3.1825, 3.3825, 3.5825, 3.703 , 3.8115,
       3.879 , 3.937 , 3.969 , 3.989 , 4.039 , 4.059 , 4.079 , 4.099 ,
       4.119 ]), 'potential_array': array([ 182.1,  181.6,  180.9,  178.7,  172.9,  166. ,  158.2,  151.4,
        145.6,  140.1,  134.7,  129.8,  124.9,  120.2,  115.8,  111. ,
        105.7,  100.2,   94.8,   88. ,   80.5,   70.2,   62.8,   53.5,
         46.2,   36.6,   28.4,   25.6,    5.4,   -7.9,  -55.1, -114.1,
       -134.6]), 'V': 25.0, 'C_B': 0.1, 'titration_type': 'acid_base', 'r2_threshold': 0.95, 'is_base': False}
Computing Gran/Schwartz for type: acid_base
DEBUG gran_functions: potential first 5: [182.1 181.6 180.9 178.7 172.9]
DEBUG gran_functions: pH first 5: [3.92190669 3.93035835 3.94219067 3.97937796 4.07741717]
Gran and Schwartz computed successfully.
Computing Gran/Schwartz for type: acid_base
DEBUG gran_functions: potential first 5: [182.1 181.6 180.9 178.7 172.9]
DEBUG gran_functions: pH first 5: [3.92190669 3.93035835 3.94219067 3.97937796 4.07741717]
Gran and Schwartz computed successfully.
=== ANALYZER NESTED RESULTS ===
Gran Raw: V_eq = 4.088 mL, R² = 0.9997, k = 0.000, Zone = 18-30
Gran Opt: V_eq = 4.087 mL, R² = 0.9999, k = 0.501, Zone = 16-31
Schwartz Raw: V_eq = 4.088 mL, R² = 0.9997, k = 0.000, Zone = 18-30
Schwartz Opt: V_eq = 4.087 mL, R² = 0.9999, k = 0.501, Zone = 16-31
pH shape: (33,)
=== END ANALYZER NESTED ===
Titration curve saved to results/screening/33/titration_curve.png
Gran/Schwartz combined plot saved to results/screening/33/gran_schwartz.png
Combined overview plot saved to results/screening/33/plots.png
All visualizations saved to results/screening/33
Generating CSV report...
CSV export failed: name 'export_to_csv' is not defined
Generating PDF report...
Saved PDF report to results/screening/33/report.pdf
PDF report generated.
Full report generated in results/screening/33
Pipeline complete. Outputs in results/screening/33
34
Loaded 'data_34.dat': 34 rows, skipped 0 header/comment/non-numeric lines.
Validation passed
Final config: {'V': 25.0, 'C_B': 0.1, 'titration_type': 'acid_base', 'r2_threshold': 0.95}
DEBUG preprocess: potential first 5: [182.1 181.6 180.9 178.7 172.9]
Detected acid titration (negative slope). No flip.
Preprocessing complete: Arrays extracted, params merged, type auto-detected (if acid_base).
DEBUG df:     volume  potential
0   0.0000      182.1
1   0.0200      181.6
2   0.0400      180.9
3   0.0900      178.7
4   0.2150      172.9
5   0.3825      166.0
6   0.5825      158.2
7   0.7825      151.4
8   0.9825      145.6
9   1.1825      140.1
10  1.3825      134.7
11  1.5825      129.8
12  1.7825      124.9
13  1.9825      120.2
14  2.1825      115.8
15  2.3825      111.0
16  2.5825      105.7
17  2.7825      100.2
18  2.9825       94.8
19  3.1825       88.0
20  3.3825       80.5
21  3.5825       70.2
22  3.7030       62.8
23  3.8115       53.5
24  3.8790       46.2
25  3.9370       36.6
26  3.9690       28.4
27  3.9890       25.6
28  4.0390        5.4
29  4.0590       -7.9
30  4.0790      -55.1
31  4.0990     -114.1
32  4.1190     -134.6
33  4.1415     -148.0
DEBUG params: {'volume_array': array([0.    , 0.02  , 0.04  , 0.09  , 0.215 , 0.3825, 0.5825, 0.7825,
       0.9825, 1.1825, 1.3825, 1.5825, 1.7825, 1.9825, 2.1825, 2.3825,
       2.5825, 2.7825, 2.9825, 3.1825, 3.3825, 3.5825, 3.703 , 3.8115,
       3.879 , 3.937 , 3.969 , 3.989 , 4.039 , 4.059 , 4.079 , 4.099 ,
       4.119 , 4.1415]), 'potential_array': array([ 182.1,  181.6,  180.9,  178.7,  172.9,  166. ,  158.2,  151.4,
        145.6,  140.1,  134.7,  129.8,  124.9,  120.2,  115.8,  111. ,
        105.7,  100.2,   94.8,   88. ,   80.5,   70.2,   62.8,   53.5,
         46.2,   36.6,   28.4,   25.6,    5.4,   -7.9,  -55.1, -114.1,
       -134.6, -148. ]), 'V': 25.0, 'C_B': 0.1, 'titration_type': 'acid_base', 'r2_threshold': 0.95, 'is_base': False}
Computing Gran/Schwartz for type: acid_base
DEBUG gran_functions: potential first 5: [182.1 181.6 180.9 178.7 172.9]
DEBUG gran_functions: pH first 5: [3.92190669 3.93035835 3.94219067 3.97937796 4.07741717]
Gran and Schwartz computed successfully.
Computing Gran/Schwartz for type: acid_base
DEBUG gran_functions: potential first 5: [182.1 181.6 180.9 178.7 172.9]
DEBUG gran_functions: pH first 5: [3.92190669 3.93035835 3.94219067 3.97937796 4.07741717]
Gran and Schwartz computed successfully.
=== ANALYZER NESTED RESULTS ===
Gran Raw: V_eq = 4.090 mL, R² = 0.9997, k = 0.000, Zone = 18-31
Gran Opt: V_eq = 4.089 mL, R² = 0.9999, k = 0.354, Zone = 12-26
Schwartz Raw: V_eq = 4.090 mL, R² = 0.9997, k = 0.000, Zone = 18-31
Schwartz Opt: V_eq = 4.089 mL, R² = 0.9999, k = 0.354, Zone = 12-26
pH shape: (34,)
=== END ANALYZER NESTED ===
Titration curve saved to results/screening/34/titration_curve.png
Gran/Schwartz combined plot saved to results/screening/34/gran_schwartz.png
Combined overview plot saved to results/screening/34/plots.png
All visualizations saved to results/screening/34
Generating CSV report...
CSV export failed: name 'export_to_csv' is not defined
Generating PDF report...
Saved PDF report to results/screening/34/report.pdf
PDF report generated.
Full report generated in results/screening/34
Pipeline complete. Outputs in results/screening/34
35
Loaded 'data_35.dat': 35 rows, skipped 0 header/comment/non-numeric lines.
Validation passed
Final config: {'V': 25.0, 'C_B': 0.1, 'titration_type': 'acid_base', 'r2_threshold': 0.95}
DEBUG preprocess: potential first 5: [182.1 181.6 180.9 178.7 172.9]
Detected acid titration (negative slope). No flip.
Preprocessing complete: Arrays extracted, params merged, type auto-detected (if acid_base).
DEBUG df:     volume  potential
0   0.0000      182.1
1   0.0200      181.6
2   0.0400      180.9
3   0.0900      178.7
4   0.2150      172.9
5   0.3825      166.0
6   0.5825      158.2
7   0.7825      151.4
8   0.9825      145.6
9   1.1825      140.1
10  1.3825      134.7
11  1.5825      129.8
12  1.7825      124.9
13  1.9825      120.2
14  2.1825      115.8
15  2.3825      111.0
16  2.5825      105.7
17  2.7825      100.2
18  2.9825       94.8
19  3.1825       88.0
20  3.3825       80.5
21  3.5825       70.2
22  3.7030       62.8
23  3.8115       53.5
24  3.8790       46.2
25  3.9370       36.6
26  3.9690       28.4
27  3.9890       25.6
28  4.0390        5.4
29  4.0590       -7.9
30  4.0790      -55.1
31  4.0990     -114.1
32  4.1190     -134.6
33  4.1415     -148.0
34  4.1645     -156.5
DEBUG params: {'volume_array': array([0.    , 0.02  , 0.04  , 0.09  , 0.215 , 0.3825, 0.5825, 0.7825,
       0.9825, 1.1825, 1.3825, 1.5825, 1.7825, 1.9825, 2.1825, 2.3825,
       2.5825, 2.7825, 2.9825, 3.1825, 3.3825, 3.5825, 3.703 , 3.8115,
       3.879 , 3.937 , 3.969 , 3.989 , 4.039 , 4.059 , 4.079 , 4.099 ,
       4.119 , 4.1415, 4.1645]), 'potential_array': array([ 182.1,  181.6,  180.9,  178.7,  172.9,  166. ,  158.2,  151.4,
        145.6,  140.1,  134.7,  129.8,  124.9,  120.2,  115.8,  111. ,
        105.7,  100.2,   94.8,   88. ,   80.5,   70.2,   62.8,   53.5,
         46.2,   36.6,   28.4,   25.6,    5.4,   -7.9,  -55.1, -114.1,
       -134.6, -148. , -156.5]), 'V': 25.0, 'C_B': 0.1, 'titration_type': 'acid_base', 'r2_threshold': 0.95, 'is_base': False}
Computing Gran/Schwartz for type: acid_base
DEBUG gran_functions: potential first 5: [182.1 181.6 180.9 178.7 172.9]
DEBUG gran_functions: pH first 5: [3.92190669 3.93035835 3.94219067 3.97937796 4.07741717]
Gran and Schwartz computed successfully.
Computing Gran/Schwartz for type: acid_base
DEBUG gran_functions: potential first 5: [182.1 181.6 180.9 178.7 172.9]
DEBUG gran_functions: pH first 5: [3.92190669 3.93035835 3.94219067 3.97937796 4.07741717]
Gran and Schwartz computed successfully.
=== ANALYZER NESTED RESULTS ===
Gran Raw: V_eq = 4.090 mL, R² = 0.9997, k = 0.000, Zone = 18-31
Gran Opt: V_eq = 4.088 mL, R² = 0.9999, k = 0.354, Zone = 12-27
Schwartz Raw: V_eq = 4.090 mL, R² = 0.9997, k = 0.000, Zone = 18-31
Schwartz Opt: V_eq = 4.088 mL, R² = 0.9999, k = 0.354, Zone = 12-27
pH shape: (35,)
=== END ANALYZER NESTED ===
Titration curve saved to results/screening/35/titration_curve.png
Gran/Schwartz combined plot saved to results/screening/35/gran_schwartz.png
Combined overview plot saved to results/screening/35/plots.png
All visualizations saved to results/screening/35
Generating CSV report...
CSV export failed: name 'export_to_csv' is not defined
Generating PDF report...
Saved PDF report to results/screening/35/report.pdf
PDF report generated.
Full report generated in results/screening/35
Pipeline complete. Outputs in results/screening/35
36
Loaded 'data_36.dat': 36 rows, skipped 0 header/comment/non-numeric lines.
Validation passed
Final config: {'V': 25.0, 'C_B': 0.1, 'titration_type': 'acid_base', 'r2_threshold': 0.95}
DEBUG preprocess: potential first 5: [182.1 181.6 180.9 178.7 172.9]
Detected acid titration (negative slope). No flip.
Preprocessing complete: Arrays extracted, params merged, type auto-detected (if acid_base).
DEBUG df:     volume  potential
0   0.0000      182.1
1   0.0200      181.6
2   0.0400      180.9
3   0.0900      178.7
4   0.2150      172.9
5   0.3825      166.0
6   0.5825      158.2
7   0.7825      151.4
8   0.9825      145.6
9   1.1825      140.1
10  1.3825      134.7
11  1.5825      129.8
12  1.7825      124.9
13  1.9825      120.2
14  2.1825      115.8
15  2.3825      111.0
16  2.5825      105.7
17  2.7825      100.2
18  2.9825       94.8
19  3.1825       88.0
20  3.3825       80.5
21  3.5825       70.2
22  3.7030       62.8
23  3.8115       53.5
24  3.8790       46.2
25  3.9370       36.6
26  3.9690       28.4
27  3.9890       25.6
28  4.0390        5.4
29  4.0590       -7.9
30  4.0790      -55.1
31  4.0990     -114.1
32  4.1190     -134.6
33  4.1415     -148.0
34  4.1645     -156.5
35  4.1995     -166.1
DEBUG params: {'volume_array': array([0.    , 0.02  , 0.04  , 0.09  , 0.215 , 0.3825, 0.5825, 0.7825,
       0.9825, 1.1825, 1.3825, 1.5825, 1.7825, 1.9825, 2.1825, 2.3825,
       2.5825, 2.7825, 2.9825, 3.1825, 3.3825, 3.5825, 3.703 , 3.8115,
       3.879 , 3.937 , 3.969 , 3.989 , 4.039 , 4.059 , 4.079 , 4.099 ,
       4.119 , 4.1415, 4.1645, 4.1995]), 'potential_array': array([ 182.1,  181.6,  180.9,  178.7,  172.9,  166. ,  158.2,  151.4,
        145.6,  140.1,  134.7,  129.8,  124.9,  120.2,  115.8,  111. ,
        105.7,  100.2,   94.8,   88. ,   80.5,   70.2,   62.8,   53.5,
         46.2,   36.6,   28.4,   25.6,    5.4,   -7.9,  -55.1, -114.1,
       -134.6, -148. , -156.5, -166.1]), 'V': 25.0, 'C_B': 0.1, 'titration_type': 'acid_base', 'r2_threshold': 0.95, 'is_base': False}
Computing Gran/Schwartz for type: acid_base
DEBUG gran_functions: potential first 5: [182.1 181.6 180.9 178.7 172.9]
DEBUG gran_functions: pH first 5: [3.92190669 3.93035835 3.94219067 3.97937796 4.07741717]
Gran and Schwartz computed successfully.
Computing Gran/Schwartz for type: acid_base
DEBUG gran_functions: potential first 5: [182.1 181.6 180.9 178.7 172.9]
DEBUG gran_functions: pH first 5: [3.92190669 3.93035835 3.94219067 3.97937796 4.07741717]
Gran and Schwartz computed successfully.
=== ANALYZER NESTED RESULTS ===
Gran Raw: V_eq = 4.097 mL, R² = 0.9995, k = 0.000, Zone = 15-29
Gran Opt: V_eq = 4.086 mL, R² = 0.9999, k = 0.383, Zone = 12-28
Schwartz Raw: V_eq = 4.097 mL, R² = 0.9995, k = 0.000, Zone = 15-29
Schwartz Opt: V_eq = 4.086 mL, R² = 0.9999, k = 0.383, Zone = 12-28
pH shape: (36,)
=== END ANALYZER NESTED ===
Titration curve saved to results/screening/36/titration_curve.png
Gran/Schwartz combined plot saved to results/screening/36/gran_schwartz.png
Combined overview plot saved to results/screening/36/plots.png
All visualizations saved to results/screening/36
Generating CSV report...
CSV export failed: name 'export_to_csv' is not defined
Generating PDF report...
Saved PDF report to results/screening/36/report.pdf
PDF report generated.
Full report generated in results/screening/36
Pipeline complete. Outputs in results/screening/36
37
Loaded 'data_37.dat': 37 rows, skipped 0 header/comment/non-numeric lines.
Validation passed
Final config: {'V': 25.0, 'C_B': 0.1, 'titration_type': 'acid_base', 'r2_threshold': 0.95}
DEBUG preprocess: potential first 5: [182.1 181.6 180.9 178.7 172.9]
Detected acid titration (negative slope). No flip.
Preprocessing complete: Arrays extracted, params merged, type auto-detected (if acid_base).
DEBUG df:     volume  potential
0   0.0000      182.1
1   0.0200      181.6
2   0.0400      180.9
3   0.0900      178.7
4   0.2150      172.9
5   0.3825      166.0
6   0.5825      158.2
7   0.7825      151.4
8   0.9825      145.6
9   1.1825      140.1
10  1.3825      134.7
11  1.5825      129.8
12  1.7825      124.9
13  1.9825      120.2
14  2.1825      115.8
15  2.3825      111.0
16  2.5825      105.7
17  2.7825      100.2
18  2.9825       94.8
19  3.1825       88.0
20  3.3825       80.5
21  3.5825       70.2
22  3.7030       62.8
23  3.8115       53.5
24  3.8790       46.2
25  3.9370       36.6
26  3.9690       28.4
27  3.9890       25.6
28  4.0390        5.4
29  4.0590       -7.9
30  4.0790      -55.1
31  4.0990     -114.1
32  4.1190     -134.6
33  4.1415     -148.0
34  4.1645     -156.5
35  4.1995     -166.1
36  4.2385     -173.7
DEBUG params: {'volume_array': array([0.    , 0.02  , 0.04  , 0.09  , 0.215 , 0.3825, 0.5825, 0.7825,
       0.9825, 1.1825, 1.3825, 1.5825, 1.7825, 1.9825, 2.1825, 2.3825,
       2.5825, 2.7825, 2.9825, 3.1825, 3.3825, 3.5825, 3.703 , 3.8115,
       3.879 , 3.937 , 3.969 , 3.989 , 4.039 , 4.059 , 4.079 , 4.099 ,
       4.119 , 4.1415, 4.1645, 4.1995, 4.2385]), 'potential_array': array([ 182.1,  181.6,  180.9,  178.7,  172.9,  166. ,  158.2,  151.4,
        145.6,  140.1,  134.7,  129.8,  124.9,  120.2,  115.8,  111. ,
        105.7,  100.2,   94.8,   88. ,   80.5,   70.2,   62.8,   53.5,
         46.2,   36.6,   28.4,   25.6,    5.4,   -7.9,  -55.1, -114.1,
       -134.6, -148. , -156.5, -166.1, -173.7]), 'V': 25.0, 'C_B': 0.1, 'titration_type': 'acid_base', 'r2_threshold': 0.95, 'is_base': False}
Computing Gran/Schwartz for type: acid_base
DEBUG gran_functions: potential first 5: [182.1 181.6 180.9 178.7 172.9]
DEBUG gran_functions: pH first 5: [3.92190669 3.93035835 3.94219067 3.97937796 4.07741717]
Gran and Schwartz computed successfully.
Computing Gran/Schwartz for type: acid_base
DEBUG gran_functions: potential first 5: [182.1 181.6 180.9 178.7 172.9]
DEBUG gran_functions: pH first 5: [3.92190669 3.93035835 3.94219067 3.97937796 4.07741717]
Gran and Schwartz computed successfully.
=== ANALYZER NESTED RESULTS ===
Gran Raw: V_eq = 4.097 mL, R² = 0.9995, k = 0.000, Zone = 15-29
Gran Opt: V_eq = 4.086 mL, R² = 0.9999, k = 0.383, Zone = 12-28
Schwartz Raw: V_eq = 4.097 mL, R² = 0.9995, k = 0.000, Zone = 15-29
Schwartz Opt: V_eq = 4.086 mL, R² = 0.9999, k = 0.383, Zone = 12-28
pH shape: (37,)
=== END ANALYZER NESTED ===
Titration curve saved to results/screening/37/titration_curve.png
Gran/Schwartz combined plot saved to results/screening/37/gran_schwartz.png
Combined overview plot saved to results/screening/37/plots.png
All visualizations saved to results/screening/37
Generating CSV report...
CSV export failed: name 'export_to_csv' is not defined
Generating PDF report...
Saved PDF report to results/screening/37/report.pdf
PDF report generated.
Full report generated in results/screening/37
Pipeline complete. Outputs in results/screening/37
38
Loaded 'data_38.dat': 38 rows, skipped 0 header/comment/non-numeric lines.
Validation passed
Final config: {'V': 25.0, 'C_B': 0.1, 'titration_type': 'acid_base', 'r2_threshold': 0.95}
DEBUG preprocess: potential first 5: [182.1 181.6 180.9 178.7 172.9]
Detected acid titration (negative slope). No flip.
Preprocessing complete: Arrays extracted, params merged, type auto-detected (if acid_base).
DEBUG df:     volume  potential
0   0.0000      182.1
1   0.0200      181.6
2   0.0400      180.9
3   0.0900      178.7
4   0.2150      172.9
5   0.3825      166.0
6   0.5825      158.2
7   0.7825      151.4
8   0.9825      145.6
9   1.1825      140.1
10  1.3825      134.7
11  1.5825      129.8
12  1.7825      124.9
13  1.9825      120.2
14  2.1825      115.8
15  2.3825      111.0
16  2.5825      105.7
17  2.7825      100.2
18  2.9825       94.8
19  3.1825       88.0
20  3.3825       80.5
21  3.5825       70.2
22  3.7030       62.8
23  3.8115       53.5
24  3.8790       46.2
25  3.9370       36.6
26  3.9690       28.4
27  3.9890       25.6
28  4.0390        5.4
29  4.0590       -7.9
30  4.0790      -55.1
31  4.0990     -114.1
32  4.1190     -134.6
33  4.1415     -148.0
34  4.1645     -156.5
35  4.1995     -166.1
36  4.2385     -173.7
37  4.2965     -182.1
DEBUG params: {'volume_array': array([0.    , 0.02  , 0.04  , 0.09  , 0.215 , 0.3825, 0.5825, 0.7825,
       0.9825, 1.1825, 1.3825, 1.5825, 1.7825, 1.9825, 2.1825, 2.3825,
       2.5825, 2.7825, 2.9825, 3.1825, 3.3825, 3.5825, 3.703 , 3.8115,
       3.879 , 3.937 , 3.969 , 3.989 , 4.039 , 4.059 , 4.079 , 4.099 ,
       4.119 , 4.1415, 4.1645, 4.1995, 4.2385, 4.2965]), 'potential_array': array([ 182.1,  181.6,  180.9,  178.7,  172.9,  166. ,  158.2,  151.4,
        145.6,  140.1,  134.7,  129.8,  124.9,  120.2,  115.8,  111. ,
        105.7,  100.2,   94.8,   88. ,   80.5,   70.2,   62.8,   53.5,
         46.2,   36.6,   28.4,   25.6,    5.4,   -7.9,  -55.1, -114.1,
       -134.6, -148. , -156.5, -166.1, -173.7, -182.1]), 'V': 25.0, 'C_B': 0.1, 'titration_type': 'acid_base', 'r2_threshold': 0.95, 'is_base': False}
Computing Gran/Schwartz for type: acid_base
DEBUG gran_functions: potential first 5: [182.1 181.6 180.9 178.7 172.9]
DEBUG gran_functions: pH first 5: [3.92190669 3.93035835 3.94219067 3.97937796 4.07741717]
Gran and Schwartz computed successfully.
Computing Gran/Schwartz for type: acid_base
DEBUG gran_functions: potential first 5: [182.1 181.6 180.9 178.7 172.9]
DEBUG gran_functions: pH first 5: [3.92190669 3.93035835 3.94219067 3.97937796 4.07741717]
Gran and Schwartz computed successfully.
=== ANALYZER NESTED RESULTS ===
Gran Raw: V_eq = 4.096 mL, R² = 0.9995, k = 0.000, Zone = 15-30
Gran Opt: V_eq = 4.086 mL, R² = 0.9999, k = 0.390, Zone = 12-29
Schwartz Raw: V_eq = 4.096 mL, R² = 0.9995, k = 0.000, Zone = 15-30
Schwartz Opt: V_eq = 4.086 mL, R² = 0.9999, k = 0.390, Zone = 12-29
pH shape: (38,)
=== END ANALYZER NESTED ===
Titration curve saved to results/screening/38/titration_curve.png
Gran/Schwartz combined plot saved to results/screening/38/gran_schwartz.png
Combined overview plot saved to results/screening/38/plots.png
All visualizations saved to results/screening/38
Generating CSV report...
CSV export failed: name 'export_to_csv' is not defined
Generating PDF report...
Saved PDF report to results/screening/38/report.pdf
PDF report generated.
Full report generated in results/screening/38
Pipeline complete. Outputs in results/screening/38
39
Loaded 'data_39.dat': 39 rows, skipped 0 header/comment/non-numeric lines.
Validation passed
Final config: {'V': 25.0, 'C_B': 0.1, 'titration_type': 'acid_base', 'r2_threshold': 0.95}
DEBUG preprocess: potential first 5: [182.1 181.6 180.9 178.7 172.9]
Detected acid titration (negative slope). No flip.
Preprocessing complete: Arrays extracted, params merged, type auto-detected (if acid_base).
DEBUG df:     volume  potential
0   0.0000      182.1
1   0.0200      181.6
2   0.0400      180.9
3   0.0900      178.7
4   0.2150      172.9
5   0.3825      166.0
6   0.5825      158.2
7   0.7825      151.4
8   0.9825      145.6
9   1.1825      140.1
10  1.3825      134.7
11  1.5825      129.8
12  1.7825      124.9
13  1.9825      120.2
14  2.1825      115.8
15  2.3825      111.0
16  2.5825      105.7
17  2.7825      100.2
18  2.9825       94.8
19  3.1825       88.0
20  3.3825       80.5
21  3.5825       70.2
22  3.7030       62.8
23  3.8115       53.5
24  3.8790       46.2
25  3.9370       36.6
26  3.9690       28.4
27  3.9890       25.6
28  4.0390        5.4
29  4.0590       -7.9
30  4.0790      -55.1
31  4.0990     -114.1
32  4.1190     -134.6
33  4.1415     -148.0
34  4.1645     -156.5
35  4.1995     -166.1
36  4.2385     -173.7
37  4.2965     -182.1
38  4.3710     -189.7
DEBUG params: {'volume_array': array([0.    , 0.02  , 0.04  , 0.09  , 0.215 , 0.3825, 0.5825, 0.7825,
       0.9825, 1.1825, 1.3825, 1.5825, 1.7825, 1.9825, 2.1825, 2.3825,
       2.5825, 2.7825, 2.9825, 3.1825, 3.3825, 3.5825, 3.703 , 3.8115,
       3.879 , 3.937 , 3.969 , 3.989 , 4.039 , 4.059 , 4.079 , 4.099 ,
       4.119 , 4.1415, 4.1645, 4.1995, 4.2385, 4.2965, 4.371 ]), 'potential_array': array([ 182.1,  181.6,  180.9,  178.7,  172.9,  166. ,  158.2,  151.4,
        145.6,  140.1,  134.7,  129.8,  124.9,  120.2,  115.8,  111. ,
        105.7,  100.2,   94.8,   88. ,   80.5,   70.2,   62.8,   53.5,
         46.2,   36.6,   28.4,   25.6,    5.4,   -7.9,  -55.1, -114.1,
       -134.6, -148. , -156.5, -166.1, -173.7, -182.1, -189.7]), 'V': 25.0, 'C_B': 0.1, 'titration_type': 'acid_base', 'r2_threshold': 0.95, 'is_base': False}
Computing Gran/Schwartz for type: acid_base
DEBUG gran_functions: potential first 5: [182.1 181.6 180.9 178.7 172.9]
DEBUG gran_functions: pH first 5: [3.92190669 3.93035835 3.94219067 3.97937796 4.07741717]
Gran and Schwartz computed successfully.
Computing Gran/Schwartz for type: acid_base
DEBUG gran_functions: potential first 5: [182.1 181.6 180.9 178.7 172.9]
DEBUG gran_functions: pH first 5: [3.92190669 3.93035835 3.94219067 3.97937796 4.07741717]
Gran and Schwartz computed successfully.
=== ANALYZER NESTED RESULTS ===
Gran Raw: V_eq = 4.096 mL, R² = 0.9995, k = 0.000, Zone = 15-30
Gran Opt: V_eq = 4.086 mL, R² = 0.9999, k = 0.390, Zone = 12-29
Schwartz Raw: V_eq = 4.096 mL, R² = 0.9995, k = 0.000, Zone = 15-30
Schwartz Opt: V_eq = 4.086 mL, R² = 0.9999, k = 0.390, Zone = 12-29
pH shape: (39,)
=== END ANALYZER NESTED ===
Titration curve saved to results/screening/39/titration_curve.png
Gran/Schwartz combined plot saved to results/screening/39/gran_schwartz.png
Combined overview plot saved to results/screening/39/plots.png
All visualizations saved to results/screening/39
Generating CSV report...
CSV export failed: name 'export_to_csv' is not defined
Generating PDF report...
Saved PDF report to results/screening/39/report.pdf
PDF report generated.
Full report generated in results/screening/39
Pipeline complete. Outputs in results/screening/39
40
Loaded 'data_40.dat': 40 rows, skipped 0 header/comment/non-numeric lines.
Validation passed
Final config: {'V': 25.0, 'C_B': 0.1, 'titration_type': 'acid_base', 'r2_threshold': 0.95}
DEBUG preprocess: potential first 5: [182.1 181.6 180.9 178.7 172.9]
Detected acid titration (negative slope). No flip.
Preprocessing complete: Arrays extracted, params merged, type auto-detected (if acid_base).
DEBUG df:     volume  potential
0   0.0000      182.1
1   0.0200      181.6
2   0.0400      180.9
3   0.0900      178.7
4   0.2150      172.9
5   0.3825      166.0
6   0.5825      158.2
7   0.7825      151.4
8   0.9825      145.6
9   1.1825      140.1
10  1.3825      134.7
11  1.5825      129.8
12  1.7825      124.9
13  1.9825      120.2
14  2.1825      115.8
15  2.3825      111.0
16  2.5825      105.7
17  2.7825      100.2
18  2.9825       94.8
19  3.1825       88.0
20  3.3825       80.5
21  3.5825       70.2
22  3.7030       62.8
23  3.8115       53.5
24  3.8790       46.2
25  3.9370       36.6
26  3.9690       28.4
27  3.9890       25.6
28  4.0390        5.4
29  4.0590       -7.9
30  4.0790      -55.1
31  4.0990     -114.1
32  4.1190     -134.6
33  4.1415     -148.0
34  4.1645     -156.5
35  4.1995     -166.1
36  4.2385     -173.7
37  4.2965     -182.1
38  4.3710     -189.7
39  4.4815     -198.3
DEBUG params: {'volume_array': array([0.    , 0.02  , 0.04  , 0.09  , 0.215 , 0.3825, 0.5825, 0.7825,
       0.9825, 1.1825, 1.3825, 1.5825, 1.7825, 1.9825, 2.1825, 2.3825,
       2.5825, 2.7825, 2.9825, 3.1825, 3.3825, 3.5825, 3.703 , 3.8115,
       3.879 , 3.937 , 3.969 , 3.989 , 4.039 , 4.059 , 4.079 , 4.099 ,
       4.119 , 4.1415, 4.1645, 4.1995, 4.2385, 4.2965, 4.371 , 4.4815]), 'potential_array': array([ 182.1,  181.6,  180.9,  178.7,  172.9,  166. ,  158.2,  151.4,
        145.6,  140.1,  134.7,  129.8,  124.9,  120.2,  115.8,  111. ,
        105.7,  100.2,   94.8,   88. ,   80.5,   70.2,   62.8,   53.5,
         46.2,   36.6,   28.4,   25.6,    5.4,   -7.9,  -55.1, -114.1,
       -134.6, -148. , -156.5, -166.1, -173.7, -182.1, -189.7, -198.3]), 'V': 25.0, 'C_B': 0.1, 'titration_type': 'acid_base', 'r2_threshold': 0.95, 'is_base': False}
Computing Gran/Schwartz for type: acid_base
DEBUG gran_functions: potential first 5: [182.1 181.6 180.9 178.7 172.9]
DEBUG gran_functions: pH first 5: [3.92190669 3.93035835 3.94219067 3.97937796 4.07741717]
Gran and Schwartz computed successfully.
Computing Gran/Schwartz for type: acid_base
DEBUG gran_functions: potential first 5: [182.1 181.6 180.9 178.7 172.9]
DEBUG gran_functions: pH first 5: [3.92190669 3.93035835 3.94219067 3.97937796 4.07741717]
Gran and Schwartz computed successfully.
=== ANALYZER NESTED RESULTS ===
Gran Raw: V_eq = 4.096 mL, R² = 0.9995, k = 0.000, Zone = 15-31
Gran Opt: V_eq = 4.087 mL, R² = 0.9999, k = 0.360, Zone = 12-29
Schwartz Raw: V_eq = 4.096 mL, R² = 0.9995, k = 0.000, Zone = 15-31
Schwartz Opt: V_eq = 4.087 mL, R² = 0.9999, k = 0.360, Zone = 12-29
pH shape: (40,)
=== END ANALYZER NESTED ===
Titration curve saved to results/screening/40/titration_curve.png
Gran/Schwartz combined plot saved to results/screening/40/gran_schwartz.png
Combined overview plot saved to results/screening/40/plots.png
All visualizations saved to results/screening/40
Generating CSV report...
CSV export failed: name 'export_to_csv' is not defined
Generating PDF report...
Saved PDF report to results/screening/40/report.pdf
PDF report generated.
Full report generated in results/screening/40
Pipeline complete. Outputs in results/screening/40
41
Loaded 'data_41.dat': 41 rows, skipped 0 header/comment/non-numeric lines.
Validation passed
Final config: {'V': 25.0, 'C_B': 0.1, 'titration_type': 'acid_base', 'r2_threshold': 0.95}
DEBUG preprocess: potential first 5: [182.1 181.6 180.9 178.7 172.9]
Detected acid titration (negative slope). No flip.
Preprocessing complete: Arrays extracted, params merged, type auto-detected (if acid_base).
DEBUG df:     volume  potential
0   0.0000      182.1
1   0.0200      181.6
2   0.0400      180.9
3   0.0900      178.7
4   0.2150      172.9
5   0.3825      166.0
6   0.5825      158.2
7   0.7825      151.4
8   0.9825      145.6
9   1.1825      140.1
10  1.3825      134.7
11  1.5825      129.8
12  1.7825      124.9
13  1.9825      120.2
14  2.1825      115.8
15  2.3825      111.0
16  2.5825      105.7
17  2.7825      100.2
18  2.9825       94.8
19  3.1825       88.0
20  3.3825       80.5
21  3.5825       70.2
22  3.7030       62.8
23  3.8115       53.5
24  3.8790       46.2
25  3.9370       36.6
26  3.9690       28.4
27  3.9890       25.6
28  4.0390        5.4
29  4.0590       -7.9
30  4.0790      -55.1
31  4.0990     -114.1
32  4.1190     -134.6
33  4.1415     -148.0
34  4.1645     -156.5
35  4.1995     -166.1
36  4.2385     -173.7
37  4.2965     -182.1
38  4.3710     -189.7
39  4.4815     -198.3
40  4.6175     -206.4
DEBUG params: {'volume_array': array([0.    , 0.02  , 0.04  , 0.09  , 0.215 , 0.3825, 0.5825, 0.7825,
       0.9825, 1.1825, 1.3825, 1.5825, 1.7825, 1.9825, 2.1825, 2.3825,
       2.5825, 2.7825, 2.9825, 3.1825, 3.3825, 3.5825, 3.703 , 3.8115,
       3.879 , 3.937 , 3.969 , 3.989 , 4.039 , 4.059 , 4.079 , 4.099 ,
       4.119 , 4.1415, 4.1645, 4.1995, 4.2385, 4.2965, 4.371 , 4.4815,
       4.6175]), 'potential_array': array([ 182.1,  181.6,  180.9,  178.7,  172.9,  166. ,  158.2,  151.4,
        145.6,  140.1,  134.7,  129.8,  124.9,  120.2,  115.8,  111. ,
        105.7,  100.2,   94.8,   88. ,   80.5,   70.2,   62.8,   53.5,
         46.2,   36.6,   28.4,   25.6,    5.4,   -7.9,  -55.1, -114.1,
       -134.6, -148. , -156.5, -166.1, -173.7, -182.1, -189.7, -198.3,
       -206.4]), 'V': 25.0, 'C_B': 0.1, 'titration_type': 'acid_base', 'r2_threshold': 0.95, 'is_base': False}
Computing Gran/Schwartz for type: acid_base
DEBUG gran_functions: potential first 5: [182.1 181.6 180.9 178.7 172.9]
DEBUG gran_functions: pH first 5: [3.92190669 3.93035835 3.94219067 3.97937796 4.07741717]
Gran and Schwartz computed successfully.
Computing Gran/Schwartz for type: acid_base
DEBUG gran_functions: potential first 5: [182.1 181.6 180.9 178.7 172.9]
DEBUG gran_functions: pH first 5: [3.92190669 3.93035835 3.94219067 3.97937796 4.07741717]
Gran and Schwartz computed successfully.
=== ANALYZER NESTED RESULTS ===
Gran Raw: V_eq = 4.096 mL, R² = 0.9995, k = 0.000, Zone = 15-31
Gran Opt: V_eq = 4.087 mL, R² = 0.9999, k = 0.360, Zone = 12-30
Schwartz Raw: V_eq = 4.096 mL, R² = 0.9995, k = 0.000, Zone = 15-31
Schwartz Opt: V_eq = 4.087 mL, R² = 0.9999, k = 0.360, Zone = 12-30
pH shape: (41,)
=== END ANALYZER NESTED ===
Titration curve saved to results/screening/41/titration_curve.png
Gran/Schwartz combined plot saved to results/screening/41/gran_schwartz.png
Combined overview plot saved to results/screening/41/plots.png
All visualizations saved to results/screening/41
Generating CSV report...
CSV export failed: name 'export_to_csv' is not defined
Generating PDF report...
Saved PDF report to results/screening/41/report.pdf
PDF report generated.
Full report generated in results/screening/41
Pipeline complete. Outputs in results/screening/41
