convert /home/sgiani/repos/GranTED/rawdata.ods -> /home/sgiani/repos/GranTED/rawdata.csv using filter : Text - txt - csv (StarCalc):44,34,UTF8
Overwriting: /home/sgiani/repos/GranTED/rawdata.csv
Found 50 triplets
Processing triplet 1 → columns 1,2
Loaded '/home/sgiani/repos/GranTED/results/1/data.dat': 63 rows, skipped 18 header/comment/non-numeric lines.
Validation passed
Final config: {'V': 25.0, 'C_B': 0.1, 'titration_type': 'acid_base', 'r2_threshold': 0.95}
DEBUG preprocess: potential first 5: [172.8 119.7 110.4 105.9  99.8]
Detected acid titration (negative slope). No flip.
Preprocessing complete: Arrays extracted, params merged, type auto-detected (if acid_base).
DEBUG df:      volume  potential
0    0.0000      172.8
1    0.5715      119.7
2    0.8570      110.4
3    1.0000      105.9
4    1.2000       99.8
..      ...        ...
58   9.3420     -272.0
59   9.5420     -273.1
60   9.7420     -274.2
61   9.9420     -275.0
62  10.0000     -275.0

[63 rows x 2 columns]
DEBUG params: {'volume_array': array([ 0.    ,  0.5715,  0.857 ,  1.    ,  1.2   ,  1.4   ,  1.6   ,
        1.8   ,  2.    ,  2.2   ,  2.4   ,  2.6   ,  2.8   ,  3.    ,
        3.2   ,  3.4   ,  3.6   ,  3.8   ,  4.    ,  4.2   ,  4.4   ,
        4.516 ,  4.603 ,  4.665 ,  4.6975,  4.773 ,  4.795 ,  4.832 ,
        4.852 ,  4.872 ,  4.892 ,  4.912 ,  4.932 ,  4.9595,  4.9995,
        5.0475,  5.1225,  5.217 ,  5.361 ,  5.542 ,  5.742 ,  5.942 ,
        6.142 ,  6.342 ,  6.542 ,  6.742 ,  6.942 ,  7.142 ,  7.342 ,
        7.542 ,  7.742 ,  7.942 ,  8.142 ,  8.342 ,  8.542 ,  8.742 ,
        8.942 ,  9.142 ,  9.342 ,  9.542 ,  9.742 ,  9.942 , 10.    ]), 'potential_array': array([ 172.8,  119.7,  110.4,  105.9,   99.8,   95.4,   90.8,   86.1,
         82.3,   77.5,   74. ,   69.8,   65.5,   61.9,   57. ,   51.3,
         46.3,   41.1,   33.6,   26.2,   15.7,    7.7,   -0.6,  -10.1,
        -14.2,  -30.5,  -35.2,  -55.3,  -70.4, -112.6, -143.5, -159.2,
       -168.8, -177.3, -186.4, -193.8, -202.5, -210. , -218.6, -226.4,
       -232.9, -238.1, -242.1, -245.7, -249.2, -251.7, -253.9, -256.4,
       -258.3, -260.1, -261.8, -263.6, -264.9, -266.3, -267.5, -268.8,
       -269.9, -271.1, -272. , -273.1, -274.2, -275. , -275. ]), 'V': 25.0, 'C_B': 0.1, 'titration_type': 'acid_base', 'r2_threshold': 0.95, 'is_base': False}
Computing Gran/Schwartz for type: acid_base
DEBUG gran_functions: potential first 5: [172.8 119.7 110.4 105.9  99.8]
DEBUG gran_functions: pH first 5: [4.07910751 4.97667343 5.13387424 5.20993915 5.31304936]
Gran and Schwartz computed successfully.
Computing Gran/Schwartz for type: acid_base
DEBUG gran_functions: potential first 5: [172.8 119.7 110.4 105.9  99.8]
DEBUG gran_functions: pH first 5: [4.07910751 4.97667343 5.13387424 5.20993915 5.31304936]
Gran and Schwartz computed successfully.
=== ANALYZER NESTED RESULTS ===
Gran Raw: V_eq = 4.900 mL, R² = 0.9987, k = 0.000, Zone = 5-34
Gran Opt: V_eq = 4.879 mL, R² = 0.9995, k = 0.113, Zone = 2-32
Schwartz Raw: V_eq = 4.900 mL, R² = 0.9987, k = 0.000, Zone = 5-34
Schwartz Opt: V_eq = 4.879 mL, R² = 0.9995, k = 0.113, Zone = 2-32
pH shape: (63,)
=== END ANALYZER NESTED ===
Titration curve saved to /home/sgiani/repos/GranTED/results/1/titration_curve.png
Gran/Schwartz combined plot saved to /home/sgiani/repos/GranTED/results/1/gran_schwartz.png
Combined overview plot saved to /home/sgiani/repos/GranTED/results/1/plots.png
All visualizations saved to /home/sgiani/repos/GranTED/results/1
Generating CSV report...
Saved simple CSV report to /home/sgiani/repos/GranTED/results/1/report.csv
CSV report generated.
Generating PDF report...
Saved PDF report to /home/sgiani/repos/GranTED/results/1/report.pdf
PDF report generated.
Full report generated in /home/sgiani/repos/GranTED/results/1
Pipeline complete. Outputs in /home/sgiani/repos/GranTED/results/1
Processing triplet 2 → columns 4,5
Loaded '/home/sgiani/repos/GranTED/results/2/data.dat': 62 rows, skipped 19 header/comment/non-numeric lines.
Validation passed
Final config: {'V': 25.0, 'C_B': 0.1, 'titration_type': 'acid_base', 'r2_threshold': 0.95}
DEBUG preprocess: potential first 5: [173.4 121.3 109.2 104.3  99.6]
Detected acid titration (negative slope). No flip.
Preprocessing complete: Arrays extracted, params merged, type auto-detected (if acid_base).
DEBUG df:      volume  potential
0    0.0000      173.4
1    0.5715      121.3
2    0.8570      109.2
3    1.0000      104.3
4    1.2000       99.6
..      ...        ...
57   9.3815     -274.6
58   9.5815     -275.6
59   9.7815     -276.6
60   9.9815     -277.1
61  10.0000     -277.5

[62 rows x 2 columns]
DEBUG params: {'volume_array': array([ 0.    ,  0.5715,  0.857 ,  1.    ,  1.2   ,  1.4   ,  1.6   ,
        1.8   ,  2.    ,  2.2   ,  2.4   ,  2.6   ,  2.8   ,  3.    ,
        3.2   ,  3.4   ,  3.6   ,  3.8   ,  3.9935,  4.1215,  4.2465,
        4.304 ,  4.339 ,  4.4265,  4.4465,  4.4965,  4.5165,  4.5365,
        4.5565,  4.58  ,  4.6065,  4.643 ,  4.69  ,  4.7705,  4.8725,
        4.9975,  5.1815,  5.3815,  5.5815,  5.7815,  5.9815,  6.1815,
        6.3815,  6.5815,  6.7815,  6.9815,  7.1815,  7.3815,  7.5815,
        7.7815,  7.9815,  8.1815,  8.3815,  8.5815,  8.7815,  8.9815,
        9.1815,  9.3815,  9.5815,  9.7815,  9.9815, 10.    ]), 'potential_array': array([ 173.4,  121.3,  109.2,  104.3,   99.6,   94.2,   88.7,   82.9,
         79.4,   74.1,   69.4,   66.2,   62. ,   56.6,   51.4,   45.1,
         39.2,   31.1,   21.3,   14. ,    2.9,   -5.3,   -9.3,  -33.1,
        -36.2,  -67.8, -104. , -141.7, -157.7, -169.2, -177.9, -186.5,
       -193.7, -202.5, -211.1, -218.6, -226. , -233. , -237.7, -242.6,
       -245.5, -249.2, -252. , -254.4, -256.5, -258.3, -260.2, -261.8,
       -263.7, -264.8, -266.6, -268.1, -269.4, -270.1, -271.4, -272.4,
       -273.5, -274.6, -275.6, -276.6, -277.1, -277.5]), 'V': 25.0, 'C_B': 0.1, 'titration_type': 'acid_base', 'r2_threshold': 0.95, 'is_base': False}
Computing Gran/Schwartz for type: acid_base
DEBUG gran_functions: potential first 5: [173.4 121.3 109.2 104.3  99.6]
DEBUG gran_functions: pH first 5: [4.06896552 4.94962813 5.15415822 5.23698445 5.31643002]
Gran and Schwartz computed successfully.
Computing Gran/Schwartz for type: acid_base
DEBUG gran_functions: potential first 5: [173.4 121.3 109.2 104.3  99.6]
DEBUG gran_functions: pH first 5: [4.06896552 4.94962813 5.15415822 5.23698445 5.31643002]
Gran and Schwartz computed successfully.
=== ANALYZER NESTED RESULTS ===
Gran Raw: V_eq = 4.566 mL, R² = 0.9976, k = 0.000, Zone = 2-32
Gran Opt: V_eq = 4.539 mL, R² = 0.9986, k = 0.067, Zone = 1-31
Schwartz Raw: V_eq = 4.566 mL, R² = 0.9976, k = 0.000, Zone = 2-32
Schwartz Opt: V_eq = 4.539 mL, R² = 0.9986, k = 0.067, Zone = 1-31
pH shape: (62,)
=== END ANALYZER NESTED ===
Titration curve saved to /home/sgiani/repos/GranTED/results/2/titration_curve.png
Gran/Schwartz combined plot saved to /home/sgiani/repos/GranTED/results/2/gran_schwartz.png
Combined overview plot saved to /home/sgiani/repos/GranTED/results/2/plots.png
All visualizations saved to /home/sgiani/repos/GranTED/results/2
Generating CSV report...
Saved simple CSV report to /home/sgiani/repos/GranTED/results/2/report.csv
CSV report generated.
Generating PDF report...
Saved PDF report to /home/sgiani/repos/GranTED/results/2/report.pdf
PDF report generated.
Full report generated in /home/sgiani/repos/GranTED/results/2
Pipeline complete. Outputs in /home/sgiani/repos/GranTED/results/2
Processing triplet 3 → columns 7,8
Loaded '/home/sgiani/repos/GranTED/results/3/data.dat': 64 rows, skipped 17 header/comment/non-numeric lines.
Validation passed
Final config: {'V': 25.0, 'C_B': 0.1, 'titration_type': 'acid_base', 'r2_threshold': 0.95}
DEBUG preprocess: potential first 5: [176.7 123.  111.3 108.  101.8]
Detected acid titration (negative slope). No flip.
Preprocessing complete: Arrays extracted, params merged, type auto-detected (if acid_base).
DEBUG df:      volume  potential
0    0.0000      176.7
1    0.5715      123.0
2    0.8570      111.3
3    1.0000      108.0
4    1.2000      101.8
..      ...        ...
59   9.3210     -275.6
60   9.5210     -276.8
61   9.7210     -277.7
62   9.9210     -278.4
63  10.0000     -278.8

[64 rows x 2 columns]
DEBUG params: {'volume_array': array([ 0.    ,  0.5715,  0.857 ,  1.    ,  1.2   ,  1.4   ,  1.6   ,
        1.8   ,  2.    ,  2.2   ,  2.4   ,  2.6   ,  2.8   ,  3.    ,
        3.2   ,  3.4   ,  3.6   ,  3.8   ,  4.    ,  4.2   ,  4.39  ,
        4.519 ,  4.5865,  4.668 ,  4.7085,  4.7485,  4.7775,  4.8015,
        4.8215,  4.8415,  4.8615,  4.8815,  4.9015,  4.9215,  4.9515,
        4.9905,  5.0415,  5.11  ,  5.2105,  5.321 ,  5.521 ,  5.721 ,
        5.921 ,  6.121 ,  6.321 ,  6.521 ,  6.721 ,  6.921 ,  7.121 ,
        7.321 ,  7.521 ,  7.721 ,  7.921 ,  8.121 ,  8.321 ,  8.521 ,
        8.721 ,  8.921 ,  9.121 ,  9.321 ,  9.521 ,  9.721 ,  9.921 ,
       10.    ]), 'potential_array': array([ 176.7,  123. ,  111.3,  108. ,  101.8,   96.6,   92.1,   87.5,
         82.6,   78.4,   75.5,   70.8,   67.3,   62.6,   58. ,   53. ,
         47.9,   41.6,   35.2,   27. ,   17.4,    7.4,    1.5,   -9.2,
        -15.8,  -24.3,  -32. ,  -40.9,  -51.6,  -66.6, -115. , -146.1,
       -162.6, -171.9, -181.2, -189.8, -197.9, -205.7, -214.8, -220.9,
       -229.8, -236.7, -241.4, -245.3, -249.1, -252.2, -254.8, -257.4,
       -259.8, -261.5, -263.7, -265.1, -266.9, -268.4, -269.4, -271.1,
       -272.5, -273.4, -274.5, -275.6, -276.8, -277.7, -278.4, -278.8]), 'V': 25.0, 'C_B': 0.1, 'titration_type': 'acid_base', 'r2_threshold': 0.95, 'is_base': False}
Computing Gran/Schwartz for type: acid_base
DEBUG gran_functions: potential first 5: [176.7 123.  111.3 108.  101.8]
DEBUG gran_functions: pH first 5: [4.01318458 4.92089249 5.11866126 5.17444219 5.27924273]
Gran and Schwartz computed successfully.
Computing Gran/Schwartz for type: acid_base
DEBUG gran_functions: potential first 5: [176.7 123.  111.3 108.  101.8]
DEBUG gran_functions: pH first 5: [4.01318458 4.92089249 5.11866126 5.17444219 5.27924273]
Gran and Schwartz computed successfully.
=== ANALYZER NESTED RESULTS ===
Gran Raw: V_eq = 4.886 mL, R² = 0.9988, k = 0.000, Zone = 3-33
Gran Opt: V_eq = 4.868 mL, R² = 0.9994, k = 0.088, Zone = 3-33
Schwartz Raw: V_eq = 4.886 mL, R² = 0.9988, k = 0.000, Zone = 3-33
Schwartz Opt: V_eq = 4.868 mL, R² = 0.9994, k = 0.088, Zone = 3-33
pH shape: (64,)
=== END ANALYZER NESTED ===
Titration curve saved to /home/sgiani/repos/GranTED/results/3/titration_curve.png
Gran/Schwartz combined plot saved to /home/sgiani/repos/GranTED/results/3/gran_schwartz.png
Combined overview plot saved to /home/sgiani/repos/GranTED/results/3/plots.png
All visualizations saved to /home/sgiani/repos/GranTED/results/3
Generating CSV report...
Saved simple CSV report to /home/sgiani/repos/GranTED/results/3/report.csv
CSV report generated.
Generating PDF report...
Saved PDF report to /home/sgiani/repos/GranTED/results/3/report.pdf
PDF report generated.
Full report generated in /home/sgiani/repos/GranTED/results/3
Pipeline complete. Outputs in /home/sgiani/repos/GranTED/results/3
Processing triplet 4 → columns 10,11
Loaded '/home/sgiani/repos/GranTED/results/4/data.dat': 64 rows, skipped 17 header/comment/non-numeric lines.
Validation passed
Final config: {'V': 25.0, 'C_B': 0.1, 'titration_type': 'acid_base', 'r2_threshold': 0.95}
DEBUG preprocess: potential first 5: [172.8 119.6 108.9 104.3  98.7]
Detected acid titration (negative slope). No flip.
Preprocessing complete: Arrays extracted, params merged, type auto-detected (if acid_base).
DEBUG df:      volume  potential
0    0.0000      172.8
1    0.5715      119.6
2    0.8570      108.9
3    1.0000      104.3
4    1.2000       98.7
..      ...        ...
59   9.2980     -278.1
60   9.4980     -279.2
61   9.6980     -280.1
62   9.8980     -281.0
63  10.0000     -281.1

[64 rows x 2 columns]
DEBUG params: {'volume_array': array([ 0.    ,  0.5715,  0.857 ,  1.    ,  1.2   ,  1.4   ,  1.6   ,
        1.8   ,  2.    ,  2.2   ,  2.4   ,  2.6   ,  2.8   ,  3.    ,
        3.2   ,  3.4   ,  3.6   ,  3.8   ,  3.9705,  4.1145,  4.187 ,
        4.254 ,  4.3195,  4.349 ,  4.371 ,  4.391 ,  4.411 ,  4.431 ,
        4.451 ,  4.471 ,  4.491 ,  4.5125,  4.54  ,  4.576 ,  4.6365,
        4.697 ,  4.7885,  4.9325,  5.098 ,  5.298 ,  5.498 ,  5.698 ,
        5.898 ,  6.098 ,  6.298 ,  6.498 ,  6.698 ,  6.898 ,  7.098 ,
        7.298 ,  7.498 ,  7.698 ,  7.898 ,  8.098 ,  8.298 ,  8.498 ,
        8.698 ,  8.898 ,  9.098 ,  9.298 ,  9.498 ,  9.698 ,  9.898 ,
       10.    ]), 'potential_array': array([ 172.8,  119.6,  108.9,  104.3,   98.7,   93.5,   88.4,   83.8,
         79.9,   74.6,   70.2,   65.8,   60.9,   56. ,   50.7,   44.8,
         37.7,   29. ,   20.6,   10. ,    3.2,   -3.9,  -15.1,  -22.4,
        -29.4,  -36.8,  -46.5,  -63.3, -113.5, -146.8, -162.5, -172.8,
       -181.7, -189.2, -199.2, -206.5, -214. , -223. , -230. , -236.8,
       -242.2, -246.4, -250. , -253. , -256.1, -258. , -260.6, -262.4,
       -264.6, -266.2, -267.8, -269.2, -270.6, -272.2, -272.9, -274. ,
       -275.5, -276.4, -277.2, -278.1, -279.2, -280.1, -281. , -281.1]), 'V': 25.0, 'C_B': 0.1, 'titration_type': 'acid_base', 'r2_threshold': 0.95, 'is_base': False}
Computing Gran/Schwartz for type: acid_base
DEBUG gran_functions: potential first 5: [172.8 119.6 108.9 104.3  98.7]
DEBUG gran_functions: pH first 5: [4.07910751 4.97836376 5.15922921 5.23698445 5.331643  ]
Gran and Schwartz computed successfully.
Computing Gran/Schwartz for type: acid_base
DEBUG gran_functions: potential first 5: [172.8 119.6 108.9 104.3  98.7]
DEBUG gran_functions: pH first 5: [4.07910751 4.97836376 5.15922921 5.23698445 5.331643  ]
Gran and Schwartz computed successfully.
=== ANALYZER NESTED RESULTS ===
Gran Raw: V_eq = 4.490 mL, R² = 0.9983, k = 0.000, Zone = 3-33
Gran Opt: V_eq = 4.461 mL, R² = 0.9998, k = 0.119, Zone = 1-31
Schwartz Raw: V_eq = 4.490 mL, R² = 0.9983, k = 0.000, Zone = 3-33
Schwartz Opt: V_eq = 4.461 mL, R² = 0.9998, k = 0.119, Zone = 1-31
pH shape: (64,)
=== END ANALYZER NESTED ===
Titration curve saved to /home/sgiani/repos/GranTED/results/4/titration_curve.png
Gran/Schwartz combined plot saved to /home/sgiani/repos/GranTED/results/4/gran_schwartz.png
Combined overview plot saved to /home/sgiani/repos/GranTED/results/4/plots.png
All visualizations saved to /home/sgiani/repos/GranTED/results/4
Generating CSV report...
Saved simple CSV report to /home/sgiani/repos/GranTED/results/4/report.csv
CSV report generated.
Generating PDF report...
Saved PDF report to /home/sgiani/repos/GranTED/results/4/report.pdf
PDF report generated.
Full report generated in /home/sgiani/repos/GranTED/results/4
Pipeline complete. Outputs in /home/sgiani/repos/GranTED/results/4
Processing triplet 5 → columns 13,14
Loaded '/home/sgiani/repos/GranTED/results/5/data.dat': 63 rows, skipped 18 header/comment/non-numeric lines.
Validation passed
Final config: {'V': 25.0, 'C_B': 0.1, 'titration_type': 'acid_base', 'r2_threshold': 0.95}
DEBUG preprocess: potential first 5: [177.2 120.  108.2 106.7  99.5]
Detected acid titration (negative slope). No flip.
Preprocessing complete: Arrays extracted, params merged, type auto-detected (if acid_base).
DEBUG df:      volume  potential
0    0.0000      177.2
1    0.5715      120.0
2    0.8570      108.2
3    1.0000      106.7
4    1.2000       99.5
..      ...        ...
58   9.3105     -275.8
59   9.5105     -276.7
60   9.7105     -277.6
61   9.9105     -278.4
62  10.0000     -278.8

[63 rows x 2 columns]
DEBUG params: {'volume_array': array([ 0.    ,  0.5715,  0.857 ,  1.    ,  1.2   ,  1.4   ,  1.6   ,
        1.8   ,  2.    ,  2.2   ,  2.4   ,  2.6   ,  2.8   ,  3.    ,
        3.2   ,  3.4   ,  3.6   ,  3.8   ,  4.    ,  4.2   ,  4.3325,
        4.4605,  4.5105,  4.5785,  4.6135,  4.635 ,  4.688 ,  4.708 ,
        4.728 ,  4.748 ,  4.768 ,  4.788 ,  4.813 ,  4.842 ,  4.893 ,
        4.949 ,  5.0355,  5.142 ,  5.3105,  5.5105,  5.7105,  5.9105,
        6.1105,  6.3105,  6.5105,  6.7105,  6.9105,  7.1105,  7.3105,
        7.5105,  7.7105,  7.9105,  8.1105,  8.3105,  8.5105,  8.7105,
        8.9105,  9.1105,  9.3105,  9.5105,  9.7105,  9.9105, 10.    ]), 'potential_array': array([ 177.2,  120. ,  108.2,  106.7,   99.5,   95.1,   91.6,   86.2,
         80.3,   77.6,   73. ,   69.1,   65.2,   60.6,   55.8,   50.3,
         44.5,   37.3,   31. ,   21.1,   13.8,    1.7,   -3.5,  -14.1,
        -22.5,  -26.6,  -47.8,  -57.8,  -86. , -135.9, -156.1, -167.5,
       -177.5, -184.7, -194.4, -201.8, -210.4, -217.7, -225.3, -232.9,
       -238.9, -243.4, -247. , -250.8, -253.2, -255.9, -258.4, -260.4,
       -262.1, -264.1, -265.7, -267.2, -268.6, -270. , -271.1, -272.3,
       -273.4, -274.8, -275.8, -276.7, -277.6, -278.4, -278.8]), 'V': 25.0, 'C_B': 0.1, 'titration_type': 'acid_base', 'r2_threshold': 0.95, 'is_base': False}
Computing Gran/Schwartz for type: acid_base
DEBUG gran_functions: potential first 5: [177.2 120.  108.2 106.7  99.5]
DEBUG gran_functions: pH first 5: [4.00473293 4.97160243 5.17106153 5.1964165  5.31812035]
Gran and Schwartz computed successfully.
Computing Gran/Schwartz for type: acid_base
DEBUG gran_functions: potential first 5: [177.2 120.  108.2 106.7  99.5]
DEBUG gran_functions: pH first 5: [4.00473293 4.97160243 5.17106153 5.1964165  5.31812035]
Gran and Schwartz computed successfully.
=== ANALYZER NESTED RESULTS ===
Gran Raw: V_eq = 4.771 mL, R² = 0.9977, k = 0.000, Zone = 5-34
Gran Opt: V_eq = 4.768 mL, R² = 0.9976, k = 0.077, Zone = 4-34
Schwartz Raw: V_eq = 4.771 mL, R² = 0.9977, k = 0.000, Zone = 5-34
Schwartz Opt: V_eq = 4.768 mL, R² = 0.9976, k = 0.077, Zone = 4-34
pH shape: (63,)
=== END ANALYZER NESTED ===
Titration curve saved to /home/sgiani/repos/GranTED/results/5/titration_curve.png
Gran/Schwartz combined plot saved to /home/sgiani/repos/GranTED/results/5/gran_schwartz.png
Combined overview plot saved to /home/sgiani/repos/GranTED/results/5/plots.png
All visualizations saved to /home/sgiani/repos/GranTED/results/5
Generating CSV report...
Saved simple CSV report to /home/sgiani/repos/GranTED/results/5/report.csv
CSV report generated.
Generating PDF report...
Saved PDF report to /home/sgiani/repos/GranTED/results/5/report.pdf
PDF report generated.
Full report generated in /home/sgiani/repos/GranTED/results/5
Pipeline complete. Outputs in /home/sgiani/repos/GranTED/results/5
Processing triplet 6 → columns 16,17
Loaded '/home/sgiani/repos/GranTED/results/6/data.dat': 62 rows, skipped 19 header/comment/non-numeric lines.
Validation passed
Final config: {'V': 25.0, 'C_B': 0.1, 'titration_type': 'acid_base', 'r2_threshold': 0.95}
DEBUG preprocess: potential first 5: [171.6 120.4 109.7 104.9  98.7]
Detected acid titration (negative slope). No flip.
Preprocessing complete: Arrays extracted, params merged, type auto-detected (if acid_base).
DEBUG df:      volume  potential
0    0.0000      171.6
1    0.5715      120.4
2    0.8570      109.7
3    1.0000      104.9
4    1.2000       98.7
..      ...        ...
57   9.2435     -275.9
58   9.4435     -276.9
59   9.6435     -277.7
60   9.8435     -278.6
61  10.0000     -279.3

[62 rows x 2 columns]
DEBUG params: {'volume_array': array([ 0.    ,  0.5715,  0.857 ,  1.    ,  1.2   ,  1.4   ,  1.6   ,
        1.8   ,  2.    ,  2.2   ,  2.4   ,  2.6   ,  2.8   ,  3.    ,
        3.2   ,  3.4   ,  3.6   ,  3.8   ,  4.    ,  4.14  ,  4.2925,
        4.3805,  4.4345,  4.521 ,  4.541 ,  4.591 ,  4.611 ,  4.631 ,
        4.651 ,  4.671 ,  4.691 ,  4.718 ,  4.754 ,  4.8015,  4.8605,
        4.959 ,  5.074 ,  5.2435,  5.4435,  5.6435,  5.8435,  6.0435,
        6.2435,  6.4435,  6.6435,  6.8435,  7.0435,  7.2435,  7.4435,
        7.6435,  7.8435,  8.0435,  8.2435,  8.4435,  8.6435,  8.8435,
        9.0435,  9.2435,  9.4435,  9.6435,  9.8435, 10.    ]), 'potential_array': array([ 171.6,  120.4,  109.7,  104.9,   98.7,   93.5,   89.6,   84.5,
         80. ,   76. ,   71.4,   67.2,   63. ,   58.1,   52.9,   47.1,
         41.8,   35. ,   25.5,   18.4,    8.1,   -0.6,   -5.8,  -23.8,
        -27.1,  -50.6,  -63.2,  -99.5, -140.7, -158.9, -169.4, -178.5,
       -187.1, -195.7, -202.8, -211.8, -219.4, -227.5, -234.9, -240. ,
       -244.4, -247.9, -251.1, -254.1, -256.5, -258.7, -260.7, -262.7,
       -264.4, -266.1, -267.5, -269.1, -270.3, -271.4, -272.7, -273.8,
       -274.9, -275.9, -276.9, -277.7, -278.6, -279.3]), 'V': 25.0, 'C_B': 0.1, 'titration_type': 'acid_base', 'r2_threshold': 0.95, 'is_base': False}
Computing Gran/Schwartz for type: acid_base
DEBUG gran_functions: potential first 5: [171.6 120.4 109.7 104.9  98.7]
DEBUG gran_functions: pH first 5: [4.09939148 4.96484111 5.14570656 5.22684246 5.331643  ]
Gran and Schwartz computed successfully.
Computing Gran/Schwartz for type: acid_base
DEBUG gran_functions: potential first 5: [171.6 120.4 109.7 104.9  98.7]
DEBUG gran_functions: pH first 5: [4.09939148 4.96484111 5.14570656 5.22684246 5.331643  ]
Gran and Schwartz computed successfully.
=== ANALYZER NESTED RESULTS ===
Gran Raw: V_eq = 4.678 mL, R² = 0.9981, k = 0.000, Zone = 2-32
Gran Opt: V_eq = 4.648 mL, R² = 0.9995, k = 0.098, Zone = 1-31
Schwartz Raw: V_eq = 4.678 mL, R² = 0.9981, k = 0.000, Zone = 2-32
Schwartz Opt: V_eq = 4.648 mL, R² = 0.9995, k = 0.098, Zone = 1-31
pH shape: (62,)
=== END ANALYZER NESTED ===
Titration curve saved to /home/sgiani/repos/GranTED/results/6/titration_curve.png
Gran/Schwartz combined plot saved to /home/sgiani/repos/GranTED/results/6/gran_schwartz.png
Combined overview plot saved to /home/sgiani/repos/GranTED/results/6/plots.png
All visualizations saved to /home/sgiani/repos/GranTED/results/6
Generating CSV report...
Saved simple CSV report to /home/sgiani/repos/GranTED/results/6/report.csv
CSV report generated.
Generating PDF report...
Saved PDF report to /home/sgiani/repos/GranTED/results/6/report.pdf
PDF report generated.
Full report generated in /home/sgiani/repos/GranTED/results/6
Pipeline complete. Outputs in /home/sgiani/repos/GranTED/results/6
Processing triplet 7 → columns 19,20
Loaded '/home/sgiani/repos/GranTED/results/7/data.dat': 64 rows, skipped 17 header/comment/non-numeric lines.
Validation passed
Final config: {'V': 25.0, 'C_B': 0.1, 'titration_type': 'acid_base', 'r2_threshold': 0.95}
DEBUG preprocess: potential first 5: [174.6 118.  109.6 105.2  97.2]
Detected acid titration (negative slope). No flip.
Preprocessing complete: Arrays extracted, params merged, type auto-detected (if acid_base).
DEBUG df:      volume  potential
0    0.0000      174.6
1    0.5715      118.0
2    0.8570      109.6
3    1.0000      105.2
4    1.2000       97.2
..      ...        ...
59   9.3675     -279.4
60   9.5675     -280.3
61   9.7675     -281.1
62   9.9675     -281.9
63  10.0000     -282.0

[64 rows x 2 columns]
DEBUG params: {'volume_array': array([ 0.    ,  0.5715,  0.857 ,  1.    ,  1.2   ,  1.399 ,  1.599 ,
        1.799 ,  1.999 ,  2.199 ,  2.399 ,  2.599 ,  2.799 ,  2.999 ,
        3.199 ,  3.399 ,  3.599 ,  3.799 ,  3.9245,  4.03  ,  4.0995,
        4.16  ,  4.203 ,  4.232 ,  4.275 ,  4.295 ,  4.315 ,  4.335 ,
        4.355 ,  4.375 ,  4.3975,  4.4215,  4.46  ,  4.5085,  4.5825,
        4.6685,  4.802 ,  4.9675,  5.1675,  5.3675,  5.5675,  5.7675,
        5.9675,  6.1675,  6.3675,  6.5675,  6.7675,  6.9675,  7.1675,
        7.3675,  7.5675,  7.7675,  7.9675,  8.1675,  8.3675,  8.5675,
        8.7675,  8.9675,  9.1675,  9.3675,  9.5675,  9.7675,  9.9675,
       10.    ]), 'potential_array': array([ 174.6,  118. ,  109.6,  105.2,   97.2,   91.7,   87.2,   83.2,
         77.4,   72.8,   68.9,   64.8,   58.9,   53.2,   47.7,   41. ,
         33.8,   23.7,   16. ,    7.1,   -0.3,   -8.8,  -17.2,  -22.8,
        -40. ,  -48.9,  -64. , -107.6, -145.1, -161.3, -173. , -180.9,
       -189.8, -197.5, -206.5, -213.9, -222.4, -230.2, -236.6, -242. ,
       -246.3, -249.8, -252.9, -255.6, -258.2, -260. , -262.5, -264.3,
       -266.3, -267.8, -269.1, -270.5, -271.9, -273.1, -274.3, -275.1,
       -276.4, -277.6, -278.4, -279.4, -280.3, -281.1, -281.9, -282. ]), 'V': 25.0, 'C_B': 0.1, 'titration_type': 'acid_base', 'r2_threshold': 0.95, 'is_base': False}
Computing Gran/Schwartz for type: acid_base
DEBUG gran_functions: potential first 5: [174.6 118.  109.6 105.2  97.2]
DEBUG gran_functions: pH first 5: [4.04868154 5.00540906 5.14739689 5.22177147 5.35699797]
Gran and Schwartz computed successfully.
Computing Gran/Schwartz for type: acid_base
DEBUG gran_functions: potential first 5: [174.6 118.  109.6 105.2  97.2]
DEBUG gran_functions: pH first 5: [4.04868154 5.00540906 5.14739689 5.22177147 5.35699797]
Gran and Schwartz computed successfully.
=== ANALYZER NESTED RESULTS ===
Gran Raw: V_eq = 4.372 mL, R² = 0.9974, k = 0.000, Zone = 3-33
Gran Opt: V_eq = 4.360 mL, R² = 0.9982, k = 0.015, Zone = 2-32
Schwartz Raw: V_eq = 4.372 mL, R² = 0.9974, k = 0.000, Zone = 3-33
Schwartz Opt: V_eq = 4.360 mL, R² = 0.9982, k = 0.015, Zone = 2-32
pH shape: (64,)
=== END ANALYZER NESTED ===
Titration curve saved to /home/sgiani/repos/GranTED/results/7/titration_curve.png
Gran/Schwartz combined plot saved to /home/sgiani/repos/GranTED/results/7/gran_schwartz.png
Combined overview plot saved to /home/sgiani/repos/GranTED/results/7/plots.png
All visualizations saved to /home/sgiani/repos/GranTED/results/7
Generating CSV report...
Saved simple CSV report to /home/sgiani/repos/GranTED/results/7/report.csv
CSV report generated.
Generating PDF report...
Saved PDF report to /home/sgiani/repos/GranTED/results/7/report.pdf
PDF report generated.
Full report generated in /home/sgiani/repos/GranTED/results/7
Pipeline complete. Outputs in /home/sgiani/repos/GranTED/results/7
Processing triplet 8 → columns 22,23
Loaded '/home/sgiani/repos/GranTED/results/8/data.dat': 63 rows, skipped 18 header/comment/non-numeric lines.
Validation passed
Final config: {'V': 25.0, 'C_B': 0.1, 'titration_type': 'acid_base', 'r2_threshold': 0.95}
DEBUG preprocess: potential first 5: [175.  122.5 108.8 106.2  99.9]
Detected acid titration (negative slope). No flip.
Preprocessing complete: Arrays extracted, params merged, type auto-detected (if acid_base).
DEBUG df:      volume  potential
0    0.0000      175.0
1    0.5715      122.5
2    0.8570      108.8
3    1.0000      106.2
4    1.2000       99.9
..      ...        ...
58   9.3135     -274.0
59   9.5135     -275.0
60   9.7135     -275.7
61   9.9135     -276.9
62  10.0000     -277.2

[63 rows x 2 columns]
DEBUG params: {'volume_array': array([ 0.    ,  0.5715,  0.857 ,  1.    ,  1.2   ,  1.4   ,  1.6   ,
        1.8   ,  2.    ,  2.2   ,  2.4   ,  2.6   ,  2.8   ,  3.    ,
        3.2   ,  3.4   ,  3.6   ,  3.8   ,  4.    ,  4.189 ,  4.329 ,
        4.4245,  4.4935,  4.563 ,  4.6135,  4.6345,  4.687 ,  4.707 ,
        4.727 ,  4.747 ,  4.767 ,  4.787 ,  4.8115,  4.8395,  4.8925,
        4.952 ,  5.0295,  5.1465,  5.321 ,  5.5135,  5.7135,  5.9135,
        6.1135,  6.3135,  6.5135,  6.7135,  6.9135,  7.1135,  7.3135,
        7.5135,  7.7135,  7.9135,  8.1135,  8.3135,  8.5135,  8.7135,
        8.9135,  9.1135,  9.3135,  9.5135,  9.7135,  9.9135, 10.    ]), 'potential_array': array([ 175. ,  122.5,  108.8,  106.2,   99.9,   95.2,   90.6,   86.1,
         81.9,   77.8,   73.2,   69.9,   65.3,   61.2,   54.5,   50.5,
         44.5,   39.2,   30.9,   21.8,   12.8,    4.6,   -2.3,  -11. ,
        -22. ,  -25.4,  -45.7,  -56. ,  -76.7, -126.7, -151.4, -164.2,
       -174.6, -181.7, -191.5, -199.7, -207.2, -215. , -224.2, -232. ,
       -236.5, -241.5, -245.1, -248.3, -251.7, -254.1, -256.3, -258.5,
       -260.4, -262.5, -264.1, -265.6, -266.9, -268.2, -269.6, -270.4,
       -271.6, -272.8, -274. , -275. , -275.7, -276.9, -277.2]), 'V': 25.0, 'C_B': 0.1, 'titration_type': 'acid_base', 'r2_threshold': 0.95, 'is_base': False}
Computing Gran/Schwartz for type: acid_base
DEBUG gran_functions: potential first 5: [175.  122.5 108.8 106.2  99.9]
DEBUG gran_functions: pH first 5: [4.04192022 4.92934415 5.16091954 5.20486815 5.31135903]
Gran and Schwartz computed successfully.
Computing Gran/Schwartz for type: acid_base
DEBUG gran_functions: potential first 5: [175.  122.5 108.8 106.2  99.9]
DEBUG gran_functions: pH first 5: [4.04192022 4.92934415 5.16091954 5.20486815 5.31135903]
Gran and Schwartz computed successfully.
=== ANALYZER NESTED RESULTS ===
Gran Raw: V_eq = 4.772 mL, R² = 0.9980, k = 0.000, Zone = 5-34
Gran Opt: V_eq = 4.749 mL, R² = 0.9992, k = 0.145, Zone = 3-33
Schwartz Raw: V_eq = 4.772 mL, R² = 0.9980, k = 0.000, Zone = 5-34
Schwartz Opt: V_eq = 4.749 mL, R² = 0.9992, k = 0.145, Zone = 3-33
pH shape: (63,)
=== END ANALYZER NESTED ===
Titration curve saved to /home/sgiani/repos/GranTED/results/8/titration_curve.png
Gran/Schwartz combined plot saved to /home/sgiani/repos/GranTED/results/8/gran_schwartz.png
Combined overview plot saved to /home/sgiani/repos/GranTED/results/8/plots.png
All visualizations saved to /home/sgiani/repos/GranTED/results/8
Generating CSV report...
Saved simple CSV report to /home/sgiani/repos/GranTED/results/8/report.csv
CSV report generated.
Generating PDF report...
Saved PDF report to /home/sgiani/repos/GranTED/results/8/report.pdf
PDF report generated.
Full report generated in /home/sgiani/repos/GranTED/results/8
Pipeline complete. Outputs in /home/sgiani/repos/GranTED/results/8
Processing triplet 9 → columns 25,26
Loaded '/home/sgiani/repos/GranTED/results/9/data.dat': 63 rows, skipped 18 header/comment/non-numeric lines.
Validation passed
Final config: {'V': 25.0, 'C_B': 0.1, 'titration_type': 'acid_base', 'r2_threshold': 0.95}
DEBUG preprocess: potential first 5: [184.4 135.8 124.2 119.3 114.6]
Detected acid titration (negative slope). No flip.
Preprocessing complete: Arrays extracted, params merged, type auto-detected (if acid_base).
DEBUG df:      volume  potential
0    0.0000      184.4
1    0.5715      135.8
2    0.8570      124.2
3    1.0000      119.3
4    1.2000      114.6
..      ...        ...
58   9.3245     -250.5
59   9.5245     -252.8
60   9.7245     -255.3
61   9.9245     -257.6
62  10.0000     -257.9

[63 rows x 2 columns]
DEBUG params: {'volume_array': array([ 0.    ,  0.5715,  0.857 ,  1.    ,  1.2   ,  1.4   ,  1.6   ,
        1.8   ,  2.    ,  2.2   ,  2.4   ,  2.6   ,  2.8   ,  3.    ,
        3.2   ,  3.4   ,  3.6   ,  3.8   ,  4.    ,  4.2   ,  4.4   ,
        4.6   ,  4.8   ,  5.    ,  5.2   ,  5.4   ,  5.6   ,  5.8   ,
        6.    ,  6.2   ,  6.4   ,  6.6   ,  6.8   ,  7.    ,  7.1635,
        7.243 ,  7.2975,  7.3385,  7.3945,  7.4155,  7.468 ,  7.488 ,
        7.508 ,  7.528 ,  7.548 ,  7.568 ,  7.5945,  7.6325,  7.6785,
        7.741 ,  7.8355,  7.952 ,  8.1265,  8.3245,  8.5245,  8.7245,
        8.9245,  9.1245,  9.3245,  9.5245,  9.7245,  9.9245, 10.    ]), 'potential_array': array([ 184.4,  135.8,  124.2,  119.3,  114.6,  109.8,  106.9,  102.8,
         98.9,   96.1,   93.2,   89.6,   86.7,   84. ,   81.6,   79. ,
         75.9,   73.4,   70.6,   67.7,   65.2,   62. ,   60.3,   56.4,
         54. ,   50.7,   46.1,   43.3,   39.2,   34.6,   29.2,   23.8,
         16.2,    7.3,   -3.6,  -11.4,  -19. ,  -24.8,  -37.7,  -41. ,
        -66.3,  -76.3,  -98.6, -137. , -155.2, -165.7, -174.5, -183.6,
       -191.7, -199.3, -207.9, -215.5, -224.4, -232. , -236.3, -241.1,
       -244.6, -248.2, -250.5, -252.8, -255.3, -257.6, -257.9]), 'V': 25.0, 'C_B': 0.1, 'titration_type': 'acid_base', 'r2_threshold': 0.95, 'is_base': False}
Computing Gran/Schwartz for type: acid_base
DEBUG gran_functions: potential first 5: [184.4 135.8 124.2 119.3 114.6]
DEBUG gran_functions: pH first 5: [3.88302907 4.70453009 4.90060852 4.98343475 5.06288032]
Gran and Schwartz computed successfully.
Computing Gran/Schwartz for type: acid_base
DEBUG gran_functions: potential first 5: [184.4 135.8 124.2 119.3 114.6]
DEBUG gran_functions: pH first 5: [3.88302907 4.70453009 4.90060852 4.98343475 5.06288032]
Gran and Schwartz computed successfully.
=== ANALYZER NESTED RESULTS ===
Gran Raw: V_eq = 7.519 mL, R² = 0.9995, k = 0.000, Zone = 14-44
Gran Opt: V_eq = 7.507 mL, R² = 0.9997, k = 0.169, Zone = 13-43
Schwartz Raw: V_eq = 7.519 mL, R² = 0.9995, k = 0.000, Zone = 14-44
Schwartz Opt: V_eq = 7.507 mL, R² = 0.9997, k = 0.169, Zone = 13-43
pH shape: (63,)
=== END ANALYZER NESTED ===
Titration curve saved to /home/sgiani/repos/GranTED/results/9/titration_curve.png
Gran/Schwartz combined plot saved to /home/sgiani/repos/GranTED/results/9/gran_schwartz.png
Combined overview plot saved to /home/sgiani/repos/GranTED/results/9/plots.png
All visualizations saved to /home/sgiani/repos/GranTED/results/9
Generating CSV report...
Saved simple CSV report to /home/sgiani/repos/GranTED/results/9/report.csv
CSV report generated.
Generating PDF report...
Saved PDF report to /home/sgiani/repos/GranTED/results/9/report.pdf
PDF report generated.
Full report generated in /home/sgiani/repos/GranTED/results/9
Pipeline complete. Outputs in /home/sgiani/repos/GranTED/results/9
Processing triplet 10 → columns 28,29
Loaded '/home/sgiani/repos/GranTED/results/10/data.dat': 63 rows, skipped 18 header/comment/non-numeric lines.
Validation passed
Final config: {'V': 25.0, 'C_B': 0.1, 'titration_type': 'acid_base', 'r2_threshold': 0.95}
DEBUG preprocess: potential first 5: [185.1 136.4 125.6 122.6 117.1]
Detected acid titration (negative slope). No flip.
Preprocessing complete: Arrays extracted, params merged, type auto-detected (if acid_base).
DEBUG df:      volume  potential
0    0.0000      185.1
1    0.5715      136.4
2    0.8570      125.6
3    1.0000      122.6
4    1.2000      117.1
..      ...        ...
58   9.2460     -239.4
59   9.4460     -243.3
60   9.6460     -246.8
61   9.8460     -249.9
62  10.0000     -252.2

[63 rows x 2 columns]
DEBUG params: {'volume_array': array([ 0.    ,  0.5715,  0.857 ,  1.    ,  1.2   ,  1.4   ,  1.6   ,
        1.8   ,  2.    ,  2.2   ,  2.4   ,  2.6   ,  2.8   ,  3.    ,
        3.2   ,  3.4   ,  3.6   ,  3.8   ,  4.    ,  4.2   ,  4.4   ,
        4.6   ,  4.8   ,  5.    ,  5.2   ,  5.4   ,  5.6   ,  5.8   ,
        6.    ,  6.2   ,  6.4   ,  6.6   ,  6.8   ,  7.    ,  7.2   ,
        7.4   ,  7.6   ,  7.8   ,  7.891 ,  7.9575,  8.0085,  8.0445,
        8.0825,  8.1025,  8.1305,  8.1505,  8.1705,  8.1905,  8.2105,
        8.2305,  8.253 ,  8.2965,  8.3365,  8.4365,  8.511 ,  8.6475,
        8.846 ,  9.046 ,  9.246 ,  9.446 ,  9.646 ,  9.846 , 10.    ]), 'potential_array': array([ 185.1,  136.4,  125.6,  122.6,  117.1,  114.1,  109. ,  106.3,
        102.5,   99.7,   96.8,   93.9,   90.8,   88.7,   85.4,   82.9,
         80.7,   78.4,   75.4,   73.6,   70.2,   68.4,   65.5,   63.4,
         61.2,   57.2,   55. ,   52.1,   49.2,   45.4,   42.7,   38. ,
         33.6,   28.5,   23.4,   16.1,    8.1,   -3.7,  -11.4,  -19. ,
        -27.1,  -33.8,  -44.1,  -49.7,  -63.9,  -79.3, -116.7, -144.7,
       -159.8, -170.1, -177.1, -187.9, -193.2, -205.2, -211.5, -219.4,
       -228.4, -234.4, -239.4, -243.3, -246.8, -249.9, -252.2]), 'V': 25.0, 'C_B': 0.1, 'titration_type': 'acid_base', 'r2_threshold': 0.95, 'is_base': False}
Computing Gran/Schwartz for type: acid_base
DEBUG gran_functions: potential first 5: [185.1 136.4 125.6 122.6 117.1]
DEBUG gran_functions: pH first 5: [3.87119675 4.6943881  4.87694388 4.92765382 5.02062204]
Gran and Schwartz computed successfully.
Computing Gran/Schwartz for type: acid_base
DEBUG gran_functions: potential first 5: [185.1 136.4 125.6 122.6 117.1]
DEBUG gran_functions: pH first 5: [3.87119675 4.6943881  4.87694388 4.92765382 5.02062204]
Gran and Schwartz computed successfully.
=== ANALYZER NESTED RESULTS ===
Gran Raw: V_eq = 8.174 mL, R² = 0.9994, k = 0.000, Zone = 16-45
Gran Opt: V_eq = 8.162 mL, R² = 0.9996, k = 0.205, Zone = 14-44
Schwartz Raw: V_eq = 8.174 mL, R² = 0.9994, k = 0.000, Zone = 16-45
Schwartz Opt: V_eq = 8.162 mL, R² = 0.9996, k = 0.205, Zone = 14-44
pH shape: (63,)
=== END ANALYZER NESTED ===
Titration curve saved to /home/sgiani/repos/GranTED/results/10/titration_curve.png
Gran/Schwartz combined plot saved to /home/sgiani/repos/GranTED/results/10/gran_schwartz.png
Combined overview plot saved to /home/sgiani/repos/GranTED/results/10/plots.png
All visualizations saved to /home/sgiani/repos/GranTED/results/10
Generating CSV report...
Saved simple CSV report to /home/sgiani/repos/GranTED/results/10/report.csv
CSV report generated.
Generating PDF report...
Saved PDF report to /home/sgiani/repos/GranTED/results/10/report.pdf
PDF report generated.
Full report generated in /home/sgiani/repos/GranTED/results/10
Pipeline complete. Outputs in /home/sgiani/repos/GranTED/results/10
Processing triplet 11 → columns 31,32
Loaded '/home/sgiani/repos/GranTED/results/11/data.dat': 63 rows, skipped 18 header/comment/non-numeric lines.
Validation passed
Final config: {'V': 25.0, 'C_B': 0.1, 'titration_type': 'acid_base', 'r2_threshold': 0.95}
DEBUG preprocess: potential first 5: [184.6 136.1 127.2 123.6 118.3]
Detected acid titration (negative slope). No flip.
Preprocessing complete: Arrays extracted, params merged, type auto-detected (if acid_base).
DEBUG df:      volume  potential
0    0.0000      184.6
1    0.5715      136.1
2    0.8570      127.2
3    1.0000      123.6
4    1.2000      118.3
..      ...        ...
58   9.3430     -236.7
59   9.5430     -241.8
60   9.7430     -245.9
61   9.9430     -249.1
62  10.0000     -250.0

[63 rows x 2 columns]
DEBUG params: {'volume_array': array([ 0.    ,  0.5715,  0.857 ,  1.    ,  1.2   ,  1.4   ,  1.6   ,
        1.8   ,  2.    ,  2.2   ,  2.4   ,  2.6   ,  2.8   ,  3.    ,
        3.2   ,  3.4   ,  3.6   ,  3.8   ,  4.    ,  4.2   ,  4.4   ,
        4.6   ,  4.8   ,  5.    ,  5.2   ,  5.4   ,  5.6   ,  5.8   ,
        6.    ,  6.2   ,  6.4   ,  6.6   ,  6.8   ,  7.    ,  7.2   ,
        7.4   ,  7.6   ,  7.8   ,  8.    ,  8.109 ,  8.186 ,  8.2485,
        8.3075,  8.328 ,  8.379 ,  8.399 ,  8.419 ,  8.439 ,  8.459 ,
        8.479 ,  8.499 ,  8.5335,  8.5725,  8.6285,  8.706 ,  8.8065,
        8.9495,  9.143 ,  9.343 ,  9.543 ,  9.743 ,  9.943 , 10.    ]), 'potential_array': array([ 1.846e+02,  1.361e+02,  1.272e+02,  1.236e+02,  1.183e+02,
        1.142e+02,  1.101e+02,  1.073e+02,  1.037e+02,  1.010e+02,
        9.780e+01,  9.500e+01,  9.200e+01,  9.010e+01,  8.760e+01,
        8.470e+01,  8.210e+01,  7.990e+01,  7.740e+01,  7.550e+01,
        7.310e+01,  7.040e+01,  6.820e+01,  6.560e+01,  6.300e+01,
        6.030e+01,  5.780e+01,  5.500e+01,  5.220e+01,  4.950e+01,
        4.590e+01,  4.230e+01,  3.910e+01,  3.490e+01,  2.980e+01,
        2.470e+01,  1.840e+01,  1.090e+01,  1.000e-01, -8.000e+00,
       -1.560e+01, -2.280e+01, -3.530e+01, -3.760e+01, -5.390e+01,
       -6.610e+01, -8.620e+01, -1.279e+02, -1.498e+02, -1.644e+02,
       -1.727e+02, -1.827e+02, -1.906e+02, -1.987e+02, -2.070e+02,
       -2.148e+02, -2.229e+02, -2.308e+02, -2.367e+02, -2.418e+02,
       -2.459e+02, -2.491e+02, -2.500e+02]), 'V': 25.0, 'C_B': 0.1, 'titration_type': 'acid_base', 'r2_threshold': 0.95, 'is_base': False}
Computing Gran/Schwartz for type: acid_base
DEBUG gran_functions: potential first 5: [184.6 136.1 127.2 123.6 118.3]
DEBUG gran_functions: pH first 5: [3.87964841 4.69945909 4.84989858 4.91075051 5.00033807]
Gran and Schwartz computed successfully.
Computing Gran/Schwartz for type: acid_base
DEBUG gran_functions: potential first 5: [184.6 136.1 127.2 123.6 118.3]
DEBUG gran_functions: pH first 5: [3.87964841 4.69945909 4.84989858 4.91075051 5.00033807]
Gran and Schwartz computed successfully.
=== ANALYZER NESTED RESULTS ===
Gran Raw: V_eq = 8.436 mL, R² = 0.9999, k = 0.000, Zone = 19-48
Gran Opt: V_eq = 8.437 mL, R² = 0.9999, k = 0.059, Zone = 19-49
Schwartz Raw: V_eq = 8.436 mL, R² = 0.9999, k = 0.000, Zone = 19-48
Schwartz Opt: V_eq = 8.437 mL, R² = 0.9999, k = 0.059, Zone = 19-49
pH shape: (63,)
=== END ANALYZER NESTED ===
Titration curve saved to /home/sgiani/repos/GranTED/results/11/titration_curve.png
Gran/Schwartz combined plot saved to /home/sgiani/repos/GranTED/results/11/gran_schwartz.png
Combined overview plot saved to /home/sgiani/repos/GranTED/results/11/plots.png
All visualizations saved to /home/sgiani/repos/GranTED/results/11
Generating CSV report...
Saved simple CSV report to /home/sgiani/repos/GranTED/results/11/report.csv
CSV report generated.
Generating PDF report...
Saved PDF report to /home/sgiani/repos/GranTED/results/11/report.pdf
PDF report generated.
Full report generated in /home/sgiani/repos/GranTED/results/11
Pipeline complete. Outputs in /home/sgiani/repos/GranTED/results/11
Processing triplet 12 → columns 34,35
Loaded '/home/sgiani/repos/GranTED/results/12/data.dat': 64 rows, skipped 17 header/comment/non-numeric lines.
Validation passed
Final config: {'V': 25.0, 'C_B': 0.1, 'titration_type': 'acid_base', 'r2_threshold': 0.95}
DEBUG preprocess: potential first 5: [183.  135.9 126.8 122.5 117.5]
Detected acid titration (negative slope). No flip.
Preprocessing complete: Arrays extracted, params merged, type auto-detected (if acid_base).
DEBUG df:      volume  potential
0    0.0000      183.0
1    0.5715      135.9
2    0.8570      126.8
3    1.0000      122.5
4    1.2000      117.5
..      ...        ...
59   9.3680     -242.3
60   9.5680     -246.4
61   9.7680     -249.7
62   9.9680     -252.4
63  10.0000     -252.6

[64 rows x 2 columns]
DEBUG params: {'volume_array': array([ 0.    ,  0.5715,  0.857 ,  1.    ,  1.2   ,  1.4   ,  1.6   ,
        1.8   ,  2.    ,  2.2   ,  2.4   ,  2.6   ,  2.8   ,  3.    ,
        3.2   ,  3.4   ,  3.6   ,  3.8   ,  4.    ,  4.2   ,  4.4   ,
        4.6   ,  4.8   ,  5.    ,  5.2   ,  5.4   ,  5.6   ,  5.8   ,
        6.    ,  6.2   ,  6.4   ,  6.6   ,  6.8   ,  7.    ,  7.2   ,
        7.4   ,  7.6   ,  7.7775,  7.8955,  7.9665,  8.018 ,  8.0715,
        8.1085,  8.129 ,  8.1645,  8.1845,  8.2045,  8.2245,  8.2445,
        8.2645,  8.2845,  8.3215,  8.363 ,  8.4225,  8.4975,  8.6165,
        8.768 ,  8.968 ,  9.168 ,  9.368 ,  9.568 ,  9.768 ,  9.968 ,
       10.    ]), 'potential_array': array([ 1.830e+02,  1.359e+02,  1.268e+02,  1.225e+02,  1.175e+02,
        1.125e+02,  1.096e+02,  1.056e+02,  1.023e+02,  9.910e+01,
        9.660e+01,  9.320e+01,  9.090e+01,  8.840e+01,  8.570e+01,
        8.300e+01,  8.080e+01,  7.810e+01,  7.570e+01,  7.330e+01,
        7.070e+01,  6.840e+01,  6.610e+01,  6.330e+01,  6.070e+01,
        5.810e+01,  5.530e+01,  5.210e+01,  4.920e+01,  4.590e+01,
        4.210e+01,  3.900e+01,  3.430e+01,  2.980e+01,  2.370e+01,
        1.790e+01,  9.400e+00, -1.000e-01, -9.300e+00, -1.710e+01,
       -2.370e+01, -3.260e+01, -4.200e+01, -4.700e+01, -6.220e+01,
       -7.510e+01, -1.054e+02, -1.374e+02, -1.552e+02, -1.672e+02,
       -1.744e+02, -1.842e+02, -1.920e+02, -2.004e+02, -2.077e+02,
       -2.163e+02, -2.242e+02, -2.321e+02, -2.376e+02, -2.423e+02,
       -2.464e+02, -2.497e+02, -2.524e+02, -2.526e+02]), 'V': 25.0, 'C_B': 0.1, 'titration_type': 'acid_base', 'r2_threshold': 0.95, 'is_base': False}
Computing Gran/Schwartz for type: acid_base
DEBUG gran_functions: potential first 5: [183.  135.9 126.8 122.5 117.5]
DEBUG gran_functions: pH first 5: [3.90669371 4.70283976 4.85665991 4.92934415 5.01386072]
Gran and Schwartz computed successfully.
Computing Gran/Schwartz for type: acid_base
DEBUG gran_functions: potential first 5: [183.  135.9 126.8 122.5 117.5]
DEBUG gran_functions: pH first 5: [3.90669371 4.70283976 4.85665991 4.92934415 5.01386072]
Gran and Schwartz computed successfully.
=== ANALYZER NESTED RESULTS ===
Gran Raw: V_eq = 8.211 mL, R² = 0.9998, k = 0.000, Zone = 18-48
Gran Opt: V_eq = 8.194 mL, R² = 0.9999, k = 0.216, Zone = 14-44
Schwartz Raw: V_eq = 8.211 mL, R² = 0.9998, k = 0.000, Zone = 18-48
Schwartz Opt: V_eq = 8.194 mL, R² = 0.9999, k = 0.216, Zone = 14-44
pH shape: (64,)
=== END ANALYZER NESTED ===
Titration curve saved to /home/sgiani/repos/GranTED/results/12/titration_curve.png
Gran/Schwartz combined plot saved to /home/sgiani/repos/GranTED/results/12/gran_schwartz.png
Combined overview plot saved to /home/sgiani/repos/GranTED/results/12/plots.png
All visualizations saved to /home/sgiani/repos/GranTED/results/12
Generating CSV report...
Saved simple CSV report to /home/sgiani/repos/GranTED/results/12/report.csv
CSV report generated.
Generating PDF report...
Saved PDF report to /home/sgiani/repos/GranTED/results/12/report.pdf
PDF report generated.
Full report generated in /home/sgiani/repos/GranTED/results/12
Pipeline complete. Outputs in /home/sgiani/repos/GranTED/results/12
Processing triplet 13 → columns 37,38
Loaded '/home/sgiani/repos/GranTED/results/13/data.dat': 63 rows, skipped 18 header/comment/non-numeric lines.
Validation passed
Final config: {'V': 25.0, 'C_B': 0.1, 'titration_type': 'acid_base', 'r2_threshold': 0.95}
DEBUG preprocess: potential first 5: [184.8 136.  125.6 120.9 116.3]
Detected acid titration (negative slope). No flip.
Preprocessing complete: Arrays extracted, params merged, type auto-detected (if acid_base).
DEBUG df:      volume  potential
0    0.0000      184.8
1    0.5715      136.0
2    0.8570      125.6
3    1.0000      120.9
4    1.2000      116.3
..      ...        ...
58   9.3980     -250.5
59   9.5980     -253.4
60   9.7980     -256.1
61   9.9980     -258.6
62  10.0000     -258.6

[63 rows x 2 columns]
DEBUG params: {'volume_array': array([ 0.    ,  0.5715,  0.857 ,  1.    ,  1.2   ,  1.4   ,  1.6   ,
        1.8   ,  2.    ,  2.2   ,  2.4   ,  2.6   ,  2.8   ,  3.    ,
        3.2   ,  3.4   ,  3.6   ,  3.8   ,  4.    ,  4.2   ,  4.4   ,
        4.6   ,  4.8   ,  5.    ,  5.2   ,  5.4   ,  5.6   ,  5.8   ,
        6.    ,  6.2   ,  6.4   ,  6.6   ,  6.8   ,  7.    ,  7.2   ,
        7.4   ,  7.5355,  7.6155,  7.695 ,  7.743 ,  7.7705,  7.805 ,
        7.825 ,  7.875 ,  7.895 ,  7.915 ,  7.935 ,  7.96  ,  7.9885,
        8.023 ,  8.0845,  8.1485,  8.2625,  8.398 ,  8.598 ,  8.798 ,
        8.998 ,  9.198 ,  9.398 ,  9.598 ,  9.798 ,  9.998 , 10.    ]), 'potential_array': array([ 184.8,  136. ,  125.6,  120.9,  116.3,  112.3,  108.3,  105.4,
        101.4,   98.3,   95.6,   92.7,   90. ,   87.6,   84.8,   82.1,
         79.1,   76.8,   74.7,   71.8,   68.7,   66.8,   63.8,   61.6,
         58.3,   55.5,   52.5,   49.9,   45.8,   41.9,   38.2,   33.9,
         27.8,   22.1,   15.4,    5.7,   -3.8,  -10.5,  -19.9,  -28.8,
        -34.5,  -45.4,  -49.7,  -86.9, -125. , -151.3, -164.3, -174.9,
       -183.9, -190.9, -200.7, -207.4, -216.5, -223.7, -232.5, -238.2,
       -242.9, -247.2, -250.5, -253.4, -256.1, -258.6, -258.6]), 'V': 25.0, 'C_B': 0.1, 'titration_type': 'acid_base', 'r2_threshold': 0.95, 'is_base': False}
Computing Gran/Schwartz for type: acid_base
DEBUG gran_functions: potential first 5: [184.8 136.  125.6 120.9 116.3]
DEBUG gran_functions: pH first 5: [3.87626775 4.70114943 4.87694388 4.95638945 5.03414469]
Gran and Schwartz computed successfully.
Computing Gran/Schwartz for type: acid_base
DEBUG gran_functions: potential first 5: [184.8 136.  125.6 120.9 116.3]
DEBUG gran_functions: pH first 5: [3.87626775 4.70114943 4.87694388 4.95638945 5.03414469]
Gran and Schwartz computed successfully.
=== ANALYZER NESTED RESULTS ===
Gran Raw: V_eq = 7.899 mL, R² = 0.9996, k = 0.000, Zone = 17-46
Gran Opt: V_eq = 7.877 mL, R² = 0.9997, k = 0.213, Zone = 10-40
Schwartz Raw: V_eq = 7.899 mL, R² = 0.9996, k = 0.000, Zone = 17-46
Schwartz Opt: V_eq = 7.877 mL, R² = 0.9997, k = 0.213, Zone = 10-40
pH shape: (63,)
=== END ANALYZER NESTED ===
Titration curve saved to /home/sgiani/repos/GranTED/results/13/titration_curve.png
Gran/Schwartz combined plot saved to /home/sgiani/repos/GranTED/results/13/gran_schwartz.png
Combined overview plot saved to /home/sgiani/repos/GranTED/results/13/plots.png
All visualizations saved to /home/sgiani/repos/GranTED/results/13
Generating CSV report...
Saved simple CSV report to /home/sgiani/repos/GranTED/results/13/report.csv
CSV report generated.
Generating PDF report...
Saved PDF report to /home/sgiani/repos/GranTED/results/13/report.pdf
PDF report generated.
Full report generated in /home/sgiani/repos/GranTED/results/13
Pipeline complete. Outputs in /home/sgiani/repos/GranTED/results/13
Processing triplet 14 → columns 40,41
Loaded '/home/sgiani/repos/GranTED/results/14/data.dat': 64 rows, skipped 17 header/comment/non-numeric lines.
Validation passed
Final config: {'V': 25.0, 'C_B': 0.1, 'titration_type': 'acid_base', 'r2_threshold': 0.95}
DEBUG preprocess: potential first 5: [183.9 135.1 124.7 120.5 114.9]
Detected acid titration (negative slope). No flip.
Preprocessing complete: Arrays extracted, params merged, type auto-detected (if acid_base).
DEBUG df:      volume  potential
0    0.0000      183.9
1    0.5715      135.1
2    0.8570      124.7
3    1.0000      120.5
4    1.2000      114.9
..      ...        ...
59   9.2780     -250.1
60   9.4780     -252.3
61   9.6780     -255.0
62   9.8780     -257.2
63  10.0000     -258.3

[64 rows x 2 columns]
DEBUG params: {'volume_array': array([ 0.    ,  0.5715,  0.857 ,  1.    ,  1.2   ,  1.4   ,  1.6   ,
        1.8   ,  2.    ,  2.2   ,  2.4   ,  2.6   ,  2.8   ,  3.    ,
        3.2   ,  3.4   ,  3.6   ,  3.8   ,  4.    ,  4.2   ,  4.4   ,
        4.6   ,  4.8   ,  5.    ,  5.2   ,  5.4   ,  5.6   ,  5.8   ,
        6.    ,  6.2   ,  6.4   ,  6.6   ,  6.8   ,  7.    ,  7.147 ,
        7.2725,  7.3405,  7.3885,  7.4295,  7.477 ,  7.497 ,  7.517 ,
        7.537 ,  7.557 ,  7.577 ,  7.597 ,  7.617 ,  7.637 ,  7.669 ,
        7.7055,  7.767 ,  7.8265,  7.9625,  8.078 ,  8.278 ,  8.478 ,
        8.678 ,  8.878 ,  9.078 ,  9.278 ,  9.478 ,  9.678 ,  9.878 ,
       10.    ]), 'potential_array': array([ 183.9,  135.1,  124.7,  120.5,  114.9,  109.7,  107. ,  104.4,
        100.2,   96.2,   94.5,   90.4,   87.8,   85.8,   82.7,   79.6,
         77.1,   75.1,   71.5,   69.3,   66.6,   63.7,   60.9,   58.1,
         55. ,   51.8,   48.6,   44.3,   41.1,   36.4,   31.8,   25.7,
         19.8,   10.5,    2.4,   -7.6,  -15.4,  -22.6,  -29.2,  -41.9,
        -48.9,  -58.9,  -68.7,  -88.3, -124.1, -148. , -162. , -170.3,
       -180. , -187.3, -197.3, -203.2, -214.4, -220.4, -229. , -234.2,
       -239.9, -242.9, -247. , -250.1, -252.3, -255. , -257.2, -258.3]), 'V': 25.0, 'C_B': 0.1, 'titration_type': 'acid_base', 'r2_threshold': 0.95, 'is_base': False}
Computing Gran/Schwartz for type: acid_base
DEBUG gran_functions: potential first 5: [183.9 135.1 124.7 120.5 114.9]
DEBUG gran_functions: pH first 5: [3.89148073 4.71636241 4.89215686 4.96315078 5.05780933]
Gran and Schwartz computed successfully.
Computing Gran/Schwartz for type: acid_base
DEBUG gran_functions: potential first 5: [183.9 135.1 124.7 120.5 114.9]
DEBUG gran_functions: pH first 5: [3.89148073 4.71636241 4.89215686 4.96315078 5.05780933]
Gran and Schwartz computed successfully.
=== ANALYZER NESTED RESULTS ===
Gran Raw: V_eq = 7.577 mL, R² = 0.9996, k = 0.000, Zone = 16-46
Gran Opt: V_eq = 7.564 mL, R² = 0.9998, k = 0.189, Zone = 14-44
Schwartz Raw: V_eq = 7.577 mL, R² = 0.9996, k = 0.000, Zone = 16-46
Schwartz Opt: V_eq = 7.564 mL, R² = 0.9998, k = 0.189, Zone = 14-44
pH shape: (64,)
=== END ANALYZER NESTED ===
Titration curve saved to /home/sgiani/repos/GranTED/results/14/titration_curve.png
Gran/Schwartz combined plot saved to /home/sgiani/repos/GranTED/results/14/gran_schwartz.png
Combined overview plot saved to /home/sgiani/repos/GranTED/results/14/plots.png
All visualizations saved to /home/sgiani/repos/GranTED/results/14
Generating CSV report...
Saved simple CSV report to /home/sgiani/repos/GranTED/results/14/report.csv
CSV report generated.
Generating PDF report...
Saved PDF report to /home/sgiani/repos/GranTED/results/14/report.pdf
PDF report generated.
Full report generated in /home/sgiani/repos/GranTED/results/14
Pipeline complete. Outputs in /home/sgiani/repos/GranTED/results/14
Processing triplet 15 → columns 43,44
Loaded '/home/sgiani/repos/GranTED/results/15/data.dat': 63 rows, skipped 18 header/comment/non-numeric lines.
Validation passed
Final config: {'V': 25.0, 'C_B': 0.1, 'titration_type': 'acid_base', 'r2_threshold': 0.95}
DEBUG preprocess: potential first 5: [181.1 133.9 125.3 119.5 118.2]
Detected acid titration (negative slope). No flip.
Preprocessing complete: Arrays extracted, params merged, type auto-detected (if acid_base).
DEBUG df:      volume  potential
0    0.0000      181.1
1    0.5715      133.9
2    0.8570      125.3
3    1.0000      119.5
4    1.1945      118.2
..      ...        ...
58   9.2700     -237.5
59   9.4700     -240.9
60   9.6700     -243.7
61   9.8700     -246.6
62  10.0000     -248.0

[63 rows x 2 columns]
DEBUG params: {'volume_array': array([ 0.    ,  0.5715,  0.857 ,  1.    ,  1.1945,  1.3945,  1.5945,
        1.7945,  1.9945,  2.1945,  2.3945,  2.5945,  2.7945,  2.9945,
        3.1945,  3.3945,  3.5945,  3.7945,  3.9945,  4.1945,  4.3945,
        4.5945,  4.7945,  4.9945,  5.1945,  5.3945,  5.5945,  5.7945,
        5.9945,  6.1945,  6.3945,  6.5945,  6.7945,  6.9945,  7.1945,
        7.3945,  7.5945,  7.738 ,  7.805 ,  7.899 ,  7.9325,  7.954 ,
        7.9865,  8.02  ,  8.04  ,  8.06  ,  8.08  ,  8.1   ,  8.12  ,
        8.14  ,  8.1895,  8.2305,  8.3115,  8.3795,  8.47  ,  8.67  ,
        8.87  ,  9.07  ,  9.27  ,  9.47  ,  9.67  ,  9.87  , 10.    ]), 'potential_array': array([ 181.1,  133.9,  125.3,  119.5,  118.2,  113.1,  108.1,  104.4,
        101.7,   98. ,   95.4,   92.3,   89.7,   86.1,   84.8,   82. ,
         79.3,   76.4,   73.6,   71.7,   70.5,   66.2,   63.3,   61.7,
         58. ,   56.8,   53.5,   50.5,   46.8,   44. ,   40. ,   35.4,
         32.1,   26.7,   19.3,   12. ,    2.6,   -8.2,  -13.5,  -26.6,
        -34.1,  -39.2,  -46.9,  -65.5,  -76.4,  -92.3, -116.4, -140. ,
       -157.5, -165.1, -178.5, -185.2, -196.4, -204. , -209.1, -218.7,
       -226. , -232.6, -237.5, -240.9, -243.7, -246.6, -248. ]), 'V': 25.0, 'C_B': 0.1, 'titration_type': 'acid_base', 'r2_threshold': 0.95, 'is_base': False}
Computing Gran/Schwartz for type: acid_base
DEBUG gran_functions: potential first 5: [181.1 133.9 125.3 119.5 118.2]
DEBUG gran_functions: pH first 5: [3.93881001 4.73664638 4.88201487 4.98005409 5.0020284 ]
Gran and Schwartz computed successfully.
Computing Gran/Schwartz for type: acid_base
DEBUG gran_functions: potential first 5: [181.1 133.9 125.3 119.5 118.2]
DEBUG gran_functions: pH first 5: [3.93881001 4.73664638 4.88201487 4.98005409 5.0020284 ]
Gran and Schwartz computed successfully.
=== ANALYZER NESTED RESULTS ===
Gran Raw: V_eq = 8.078 mL, R² = 0.9986, k = 0.000, Zone = 14-44
Gran Opt: V_eq = 8.062 mL, R² = 0.9988, k = 0.169, Zone = 14-44
Schwartz Raw: V_eq = 8.078 mL, R² = 0.9986, k = 0.000, Zone = 14-44
Schwartz Opt: V_eq = 8.062 mL, R² = 0.9988, k = 0.169, Zone = 14-44
pH shape: (63,)
=== END ANALYZER NESTED ===
Titration curve saved to /home/sgiani/repos/GranTED/results/15/titration_curve.png
Gran/Schwartz combined plot saved to /home/sgiani/repos/GranTED/results/15/gran_schwartz.png
Combined overview plot saved to /home/sgiani/repos/GranTED/results/15/plots.png
All visualizations saved to /home/sgiani/repos/GranTED/results/15
Generating CSV report...
Saved simple CSV report to /home/sgiani/repos/GranTED/results/15/report.csv
CSV report generated.
Generating PDF report...
Saved PDF report to /home/sgiani/repos/GranTED/results/15/report.pdf
PDF report generated.
Full report generated in /home/sgiani/repos/GranTED/results/15
Pipeline complete. Outputs in /home/sgiani/repos/GranTED/results/15
Processing triplet 16 → columns 46,47
Loaded '/home/sgiani/repos/GranTED/results/16/data.dat': 66 rows, skipped 15 header/comment/non-numeric lines.
Validation passed
Final config: {'V': 25.0, 'C_B': 0.1, 'titration_type': 'acid_base', 'r2_threshold': 0.95}
DEBUG preprocess: potential first 5: [171.8 130.7 121.6 118.4 113.3]
Detected acid titration (negative slope). No flip.
Preprocessing complete: Arrays extracted, params merged, type auto-detected (if acid_base).
DEBUG df:      volume  potential
0    0.0000      171.8
1    0.5715      130.7
2    0.8570      121.6
3    1.0000      118.4
4    1.2000      113.3
..      ...        ...
61   9.2670     -241.4
62   9.4670     -244.1
63   9.6670     -246.6
64   9.8670     -248.5
65  10.0000     -250.2

[66 rows x 2 columns]
DEBUG params: {'volume_array': array([ 0.    ,  0.5715,  0.857 ,  1.    ,  1.2   ,  1.4   ,  1.6   ,
        1.8   ,  2.    ,  2.2   ,  2.4   ,  2.6   ,  2.8   ,  3.    ,
        3.2   ,  3.4   ,  3.6   ,  3.8   ,  4.    ,  4.2   ,  4.4   ,
        4.6   ,  4.8   ,  5.    ,  5.2   ,  5.4   ,  5.6   ,  5.8   ,
        6.    ,  6.2   ,  6.4   ,  6.6   ,  6.8   ,  6.992 ,  7.13  ,
        7.257 ,  7.31  ,  7.3855,  7.411 ,  7.431 ,  7.4755,  7.4955,
        7.5155,  7.5355,  7.5555,  7.5755,  7.5955,  7.6385,  7.6715,
        7.6975,  7.7625,  7.7825,  7.8325,  7.8725,  7.9725,  8.0735,
        8.267 ,  8.467 ,  8.667 ,  8.867 ,  9.067 ,  9.267 ,  9.467 ,
        9.667 ,  9.867 , 10.    ]), 'potential_array': array([ 171.8,  130.7,  121.6,  118.4,  113.3,  108.3,  104.8,   99.2,
         98.8,   95.5,   91. ,   89.2,   86. ,   84.3,   79.4,   77. ,
         75.2,   72.7,   69.8,   66.7,   63.4,   60.2,   58.3,   55.8,
         52.7,   48.8,   46. ,   43. ,   39.8,   34.6,   28.2,   24. ,
         15.8,    6.5,   -1.2,  -12.8,  -18. ,  -31.3,  -39.4,  -44.1,
        -61.3,  -70. ,  -86.8, -109. , -136.7, -151.8, -159.4, -172.3,
       -182.3, -182.9, -191.9, -193.1, -198.8, -200.9, -207.5, -212.8,
       -220.3, -226.9, -231.3, -235.1, -238.5, -241.4, -244.1, -246.6,
       -248.5, -250.2]), 'V': 25.0, 'C_B': 0.1, 'titration_type': 'acid_base', 'r2_threshold': 0.95, 'is_base': False}
Computing Gran/Schwartz for type: acid_base
DEBUG gran_functions: potential first 5: [171.8 130.7 121.6 118.4 113.3]
DEBUG gran_functions: pH first 5: [4.09601082 4.79073698 4.94455713 4.99864773 5.08485463]
Gran and Schwartz computed successfully.
Computing Gran/Schwartz for type: acid_base
DEBUG gran_functions: potential first 5: [171.8 130.7 121.6 118.4 113.3]
DEBUG gran_functions: pH first 5: [4.09601082 4.79073698 4.94455713 4.99864773 5.08485463]
Gran and Schwartz computed successfully.
=== ANALYZER NESTED RESULTS ===
Gran Raw: V_eq = 7.545 mL, R² = 0.9988, k = 0.000, Zone = 16-46
Gran Opt: V_eq = 7.538 mL, R² = 0.9988, k = 0.153, Zone = 15-45
Schwartz Raw: V_eq = 7.545 mL, R² = 0.9988, k = 0.000, Zone = 16-46
Schwartz Opt: V_eq = 7.538 mL, R² = 0.9988, k = 0.153, Zone = 15-45
pH shape: (66,)
=== END ANALYZER NESTED ===
Titration curve saved to /home/sgiani/repos/GranTED/results/16/titration_curve.png
Gran/Schwartz combined plot saved to /home/sgiani/repos/GranTED/results/16/gran_schwartz.png
Combined overview plot saved to /home/sgiani/repos/GranTED/results/16/plots.png
All visualizations saved to /home/sgiani/repos/GranTED/results/16
Generating CSV report...
Saved simple CSV report to /home/sgiani/repos/GranTED/results/16/report.csv
CSV report generated.
Generating PDF report...
Saved PDF report to /home/sgiani/repos/GranTED/results/16/report.pdf
PDF report generated.
Full report generated in /home/sgiani/repos/GranTED/results/16
Pipeline complete. Outputs in /home/sgiani/repos/GranTED/results/16
Processing triplet 17 → columns 49,50
Loaded '/home/sgiani/repos/GranTED/results/17/data.dat': 73 rows, skipped 8 header/comment/non-numeric lines.
Validation passed
Final config: {'V': 25.0, 'C_B': 0.1, 'titration_type': 'acid_base', 'r2_threshold': 0.95}
DEBUG preprocess: potential first 5: [-180.9 -180.4 -180.3 -180.  -178.7]
Detected base titration (positive slope). Flipping sign and setting type.
Preprocessing complete: Arrays extracted, params merged, type auto-detected (if acid_base).
DEBUG df:     volume  potential
0   0.0000      180.9
1   0.0050      180.4
2   0.0100      180.3
3   0.0225      180.0
4   0.0535      178.7
..     ...        ...
68  4.5500     -130.0
69  4.5555     -135.2
70  4.5615     -139.8
71  4.5695     -144.7
72  4.5795     -149.9

[73 rows x 2 columns]
DEBUG params: {'volume_array': array([0.    , 0.005 , 0.01  , 0.0225, 0.0535, 0.131 , 0.231 , 0.331 ,
       0.431 , 0.531 , 0.631 , 0.731 , 0.831 , 0.931 , 1.031 , 1.131 ,
       1.231 , 1.331 , 1.431 , 1.531 , 1.631 , 1.731 , 1.831 , 1.931 ,
       2.031 , 2.131 , 2.231 , 2.331 , 2.431 , 2.531 , 2.631 , 2.731 ,
       2.831 , 2.931 , 3.031 , 3.131 , 3.231 , 3.331 , 3.431 , 3.531 ,
       3.631 , 3.731 , 3.831 , 3.931 , 4.031 , 4.127 , 4.196 , 4.2465,
       4.2945, 4.334 , 4.371 , 4.4005, 4.4195, 4.4375, 4.4575, 4.4725,
       4.481 , 4.4895, 4.499 , 4.504 , 4.5095, 4.5145, 4.5195, 4.5245,
       4.5295, 4.5345, 4.5395, 4.5445, 4.55  , 4.5555, 4.5615, 4.5695,
       4.5795]), 'potential_array': array([ 180.9,  180.4,  180.3,  180. ,  178.7,  175.7,  171.6,  167.7,
        163.8,  160.4,  156.9,  153.7,  150.6,  147.7,  145. ,  142.1,
        139.8,  137.2,  134.8,  132.6,  130.4,  128.2,  126.1,  123.9,
        121.8,  119.7,  117.4,  115.4,  113.2,  111.2,  108.8,  106.6,
        104.5,  102. ,   99.6,   97.1,   94.8,   92. ,   89.2,   86.3,
         83. ,   79.2,   75.2,   71.1,   66. ,   60.1,   54.8,   50.2,
         45.1,   40.3,   35.1,   29.4,   24.9,   20.6,   14.9,    8.6,
          4.5,    0.2,   -6.8,  -10.9,  -17.9,  -27.4,  -48. ,  -73.6,
        -95.9, -107.5, -117.1, -123.9, -130. , -135.2, -139.8, -144.7,
       -149.9]), 'V': 25.0, 'C_B': 0.1, 'titration_type': 'acid_base', 'r2_threshold': 0.95}
Computing Gran/Schwartz for type: acid_base
DEBUG gran_functions: potential first 5: [180.9 180.4 180.3 180.  178.7]
DEBUG gran_functions: pH first 5: [3.94219067 3.95064233 3.95233266 3.95740365 3.97937796]
Gran and Schwartz computed successfully.
Computing Gran/Schwartz for type: acid_base
DEBUG gran_functions: potential first 5: [180.9 180.4 180.3 180.  178.7]
DEBUG gran_functions: pH first 5: [3.94219067 3.95064233 3.95233266 3.95740365 3.97937796]
Gran and Schwartz computed successfully.
=== ANALYZER NESTED RESULTS ===
Gran Raw: V_eq = 4.537 mL, R² = 0.9995, k = 0.000, Zone = 38-68
Gran Opt: V_eq = 4.532 mL, R² = 1.0000, k = 0.950, Zone = 33-63
Schwartz Raw: V_eq = 4.537 mL, R² = 0.9995, k = 0.000, Zone = 38-68
Schwartz Opt: V_eq = 4.532 mL, R² = 1.0000, k = 0.950, Zone = 33-63
pH shape: (73,)
=== END ANALYZER NESTED ===
Titration curve saved to /home/sgiani/repos/GranTED/results/17/titration_curve.png
Gran/Schwartz combined plot saved to /home/sgiani/repos/GranTED/results/17/gran_schwartz.png
Combined overview plot saved to /home/sgiani/repos/GranTED/results/17/plots.png
All visualizations saved to /home/sgiani/repos/GranTED/results/17
Generating CSV report...
Saved simple CSV report to /home/sgiani/repos/GranTED/results/17/report.csv
CSV report generated.
Generating PDF report...
Saved PDF report to /home/sgiani/repos/GranTED/results/17/report.pdf
PDF report generated.
Full report generated in /home/sgiani/repos/GranTED/results/17
Pipeline complete. Outputs in /home/sgiani/repos/GranTED/results/17
Processing triplet 18 → columns 52,53
Loaded '/home/sgiani/repos/GranTED/results/18/data.dat': 81 rows, skipped 0 header/comment/non-numeric lines.
Validation passed
Final config: {'V': 25.0, 'C_B': 0.1, 'titration_type': 'acid_base', 'r2_threshold': 0.95}
DEBUG preprocess: potential first 5: [-179.9 -179.7 -179.6 -179.2 -178.1]
Detected base titration (positive slope). Flipping sign and setting type.
Preprocessing complete: Arrays extracted, params merged, type auto-detected (if acid_base).
DEBUG df:     volume  potential
0   0.0000      179.9
1   0.0050      179.7
2   0.0100      179.6
3   0.0225      179.2
4   0.0535      178.1
..     ...        ...
76  5.3555     -133.2
77  5.3630     -139.2
78  5.3705     -144.4
79  5.3790     -149.2
80  5.3895     -154.0

[81 rows x 2 columns]
DEBUG params: {'volume_array': array([0.0000e+00, 5.0000e-03, 1.0000e-02, 2.2500e-02, 5.3500e-02,
       1.3100e-01, 2.3100e-01, 3.3100e-01, 4.3100e-01, 5.3100e-01,
       6.3100e-01, 7.3100e-01, 8.3100e-01, 9.3100e-01, 1.0310e+00,
       1.1310e+00, 1.2310e+00, 1.3310e+00, 1.4310e+00, 1.5310e+00,
       1.6310e+00, 1.7310e+00, 1.8310e+00, 1.9310e+00, 2.0310e+00,
       2.1310e+00, 2.2310e+00, 2.3310e+00, 2.4310e+00, 2.5310e+00,
       2.6310e+00, 2.7310e+00, 2.8310e+00, 2.9310e+00, 3.0310e+00,
       3.1310e+00, 3.2310e+00, 3.3310e+00, 3.4310e+00, 3.5310e+00,
       3.6310e+00, 3.7310e+00, 3.8310e+00, 3.9310e+00, 4.0310e+00,
       4.1310e+00, 4.2310e+00, 4.3310e+00, 4.4310e+00, 4.5310e+00,
       4.6310e+00, 4.7310e+00, 4.8310e+00, 4.9270e+00, 4.9990e+00,
       5.0515e+00, 5.1025e+00, 5.1455e+00, 5.1785e+00, 5.2060e+00,
       5.2275e+00, 5.2450e+00, 5.2660e+00, 5.2770e+00, 5.2895e+00,
       5.2990e+00, 5.3040e+00, 5.3105e+00, 5.3155e+00, 5.3205e+00,
       5.3255e+00, 5.3305e+00, 5.3355e+00, 5.3405e+00, 5.3455e+00,
       5.3505e+00, 5.3555e+00, 5.3630e+00, 5.3705e+00, 5.3790e+00,
       5.3895e+00]), 'potential_array': array([ 1.799e+02,  1.797e+02,  1.796e+02,  1.792e+02,  1.781e+02,
        1.756e+02,  1.719e+02,  1.687e+02,  1.652e+02,  1.622e+02,
        1.593e+02,  1.561e+02,  1.534e+02,  1.510e+02,  1.486e+02,
        1.461e+02,  1.438e+02,  1.414e+02,  1.393e+02,  1.372e+02,
        1.352e+02,  1.334e+02,  1.313e+02,  1.294e+02,  1.277e+02,
        1.258e+02,  1.240e+02,  1.223e+02,  1.205e+02,  1.187e+02,
        1.168e+02,  1.152e+02,  1.131e+02,  1.115e+02,  1.097e+02,
        1.079e+02,  1.060e+02,  1.040e+02,  1.021e+02,  1.001e+02,
        9.790e+01,  9.580e+01,  9.380e+01,  9.140e+01,  8.890e+01,
        8.650e+01,  8.380e+01,  8.080e+01,  7.780e+01,  7.420e+01,
        7.040e+01,  6.640e+01,  6.130e+01,  5.560e+01,  5.020e+01,
        4.570e+01,  4.060e+01,  3.530e+01,  3.030e+01,  2.520e+01,
        2.020e+01,  1.620e+01,  9.300e+00,  5.300e+00, -1.000e-01,
       -6.600e+00, -1.030e+01, -1.610e+01, -2.410e+01, -3.290e+01,
       -6.020e+01, -8.570e+01, -1.027e+02, -1.140e+02, -1.219e+02,
       -1.284e+02, -1.332e+02, -1.392e+02, -1.444e+02, -1.492e+02,
       -1.540e+02]), 'V': 25.0, 'C_B': 0.1, 'titration_type': 'acid_base', 'r2_threshold': 0.95}
Computing Gran/Schwartz for type: acid_base
DEBUG gran_functions: potential first 5: [179.9 179.7 179.6 179.2 178.1]
DEBUG gran_functions: pH first 5: [3.95909398 3.96247465 3.96416498 3.9709263  3.98951995]
Gran and Schwartz computed successfully.
Computing Gran/Schwartz for type: acid_base
DEBUG gran_functions: potential first 5: [179.9 179.7 179.6 179.2 178.1]
DEBUG gran_functions: pH first 5: [3.95909398 3.96247465 3.96416498 3.9709263  3.98951995]
Gran and Schwartz computed successfully.
=== ANALYZER NESTED RESULTS ===
Gran Raw: V_eq = 5.343 mL, R² = 0.9996, k = 0.000, Zone = 45-75
Gran Opt: V_eq = 5.337 mL, R² = 1.0000, k = 1.566, Zone = 43-73
Schwartz Raw: V_eq = 5.343 mL, R² = 0.9996, k = 0.000, Zone = 45-75
Schwartz Opt: V_eq = 5.337 mL, R² = 1.0000, k = 1.566, Zone = 43-73
pH shape: (81,)
=== END ANALYZER NESTED ===
Titration curve saved to /home/sgiani/repos/GranTED/results/18/titration_curve.png
Gran/Schwartz combined plot saved to /home/sgiani/repos/GranTED/results/18/gran_schwartz.png
Combined overview plot saved to /home/sgiani/repos/GranTED/results/18/plots.png
All visualizations saved to /home/sgiani/repos/GranTED/results/18
Generating CSV report...
Saved simple CSV report to /home/sgiani/repos/GranTED/results/18/report.csv
CSV report generated.
Generating PDF report...
Saved PDF report to /home/sgiani/repos/GranTED/results/18/report.pdf
PDF report generated.
Full report generated in /home/sgiani/repos/GranTED/results/18
Pipeline complete. Outputs in /home/sgiani/repos/GranTED/results/18
Processing triplet 19 → columns 55,56
Loaded '/home/sgiani/repos/GranTED/results/19/data.dat': 70 rows, skipped 11 header/comment/non-numeric lines.
Validation passed
Final config: {'V': 25.0, 'C_B': 0.1, 'titration_type': 'acid_base', 'r2_threshold': 0.95}
DEBUG preprocess: potential first 5: [-178.8 -178.4 -178.3 -177.7 -176.5]
Detected base titration (positive slope). Flipping sign and setting type.
Preprocessing complete: Arrays extracted, params merged, type auto-detected (if acid_base).
DEBUG df:     volume  potential
0   0.0000      178.8
1   0.0050      178.4
2   0.0100      178.3
3   0.0225      177.7
4   0.0535      176.5
..     ...        ...
65  4.3700     -133.6
66  4.3750     -138.2
67  4.3825     -143.2
68  4.3930     -149.9
69  4.4010     -153.7

[70 rows x 2 columns]
DEBUG params: {'volume_array': array([0.    , 0.005 , 0.01  , 0.0225, 0.0535, 0.131 , 0.231 , 0.331 ,
       0.431 , 0.531 , 0.631 , 0.731 , 0.831 , 0.931 , 1.031 , 1.131 ,
       1.231 , 1.331 , 1.431 , 1.531 , 1.631 , 1.731 , 1.831 , 1.931 ,
       2.031 , 2.131 , 2.231 , 2.331 , 2.431 , 2.531 , 2.631 , 2.731 ,
       2.831 , 2.931 , 3.031 , 3.131 , 3.231 , 3.331 , 3.431 , 3.531 ,
       3.631 , 3.731 , 3.831 , 3.931 , 3.995 , 4.048 , 4.1155, 4.158 ,
       4.1855, 4.2175, 4.2395, 4.2635, 4.2775, 4.2905, 4.301 , 4.313 ,
       4.32  , 4.3285, 4.3335, 4.3385, 4.3435, 4.3485, 4.3535, 4.3585,
       4.3635, 4.37  , 4.375 , 4.3825, 4.393 , 4.401 ]), 'potential_array': array([ 178.8,  178.4,  178.3,  177.7,  176.5,  173. ,  169.1,  165. ,
        161.2,  157.4,  153.9,  150.8,  147.7,  144.9,  142. ,  139.4,
        136.7,  134.1,  131.6,  129.6,  127.1,  124.9,  122.6,  120.5,
        118.3,  116.1,  113.9,  111.7,  109.5,  107.1,  105.1,  102.8,
        100.3,   97.9,   95.2,   92.5,   89.6,   86.6,   83.6,   79.7,
         75.8,   71.5,   67.1,   60.9,   56. ,   52. ,   45.6,   40.1,
         36.2,   30.4,   26.2,   19.8,   15.3,   10.2,    5.9,   -0.6,
         -4.7,  -13.1,  -19.9,  -34.2,  -66.2,  -90.2, -108. , -119.1,
       -125.7, -133.6, -138.2, -143.2, -149.9, -153.7]), 'V': 25.0, 'C_B': 0.1, 'titration_type': 'acid_base', 'r2_threshold': 0.95}
Computing Gran/Schwartz for type: acid_base
DEBUG gran_functions: potential first 5: [178.8 178.4 178.3 177.7 176.5]
DEBUG gran_functions: pH first 5: [3.97768763 3.98444895 3.98613928 3.99628127 4.01656525]
Gran and Schwartz computed successfully.
Computing Gran/Schwartz for type: acid_base
DEBUG gran_functions: potential first 5: [178.8 178.4 178.3 177.7 176.5]
DEBUG gran_functions: pH first 5: [3.97768763 3.98444895 3.98613928 3.99628127 4.01656525]
Gran and Schwartz computed successfully.
=== ANALYZER NESTED RESULTS ===
Gran Raw: V_eq = 4.360 mL, R² = 0.9994, k = 0.000, Zone = 36-64
Gran Opt: V_eq = 4.354 mL, R² = 0.9999, k = 1.220, Zone = 34-64
Schwartz Raw: V_eq = 4.360 mL, R² = 0.9994, k = 0.000, Zone = 36-64
Schwartz Opt: V_eq = 4.354 mL, R² = 0.9999, k = 1.220, Zone = 34-64
pH shape: (70,)
=== END ANALYZER NESTED ===
Titration curve saved to /home/sgiani/repos/GranTED/results/19/titration_curve.png
Gran/Schwartz combined plot saved to /home/sgiani/repos/GranTED/results/19/gran_schwartz.png
Combined overview plot saved to /home/sgiani/repos/GranTED/results/19/plots.png
All visualizations saved to /home/sgiani/repos/GranTED/results/19
Generating CSV report...
Saved simple CSV report to /home/sgiani/repos/GranTED/results/19/report.csv
CSV report generated.
Generating PDF report...
Saved PDF report to /home/sgiani/repos/GranTED/results/19/report.pdf
PDF report generated.
Full report generated in /home/sgiani/repos/GranTED/results/19
Pipeline complete. Outputs in /home/sgiani/repos/GranTED/results/19
Processing triplet 20 → columns 58,59
Loaded '/home/sgiani/repos/GranTED/results/20/data.dat': 81 rows, skipped 0 header/comment/non-numeric lines.
Validation passed
Final config: {'V': 25.0, 'C_B': 0.1, 'titration_type': 'acid_base', 'r2_threshold': 0.95}
DEBUG preprocess: potential first 5: [-179.1 -178.9 -178.8 -178.4 -177.4]
Detected base titration (positive slope). Flipping sign and setting type.
Preprocessing complete: Arrays extracted, params merged, type auto-detected (if acid_base).
DEBUG df:     volume  potential
0   0.0000      179.1
1   0.0050      178.9
2   0.0100      178.8
3   0.0225      178.4
4   0.0535      177.4
..     ...        ...
76  5.5015     -134.3
77  5.5120     -142.8
78  5.5185     -146.8
79  5.5295     -152.7
80  5.5400     -157.2

[81 rows x 2 columns]
DEBUG params: {'volume_array': array([0.0000e+00, 5.0000e-03, 1.0000e-02, 2.2500e-02, 5.3500e-02,
       1.3100e-01, 2.3100e-01, 3.3100e-01, 4.3100e-01, 5.3100e-01,
       6.3100e-01, 7.3100e-01, 8.3100e-01, 9.3100e-01, 1.0310e+00,
       1.1310e+00, 1.2310e+00, 1.3310e+00, 1.4310e+00, 1.5310e+00,
       1.6310e+00, 1.7310e+00, 1.8310e+00, 1.9310e+00, 2.0310e+00,
       2.1310e+00, 2.2310e+00, 2.3310e+00, 2.4310e+00, 2.5310e+00,
       2.6310e+00, 2.7310e+00, 2.8310e+00, 2.9310e+00, 3.0310e+00,
       3.1310e+00, 3.2310e+00, 3.3310e+00, 3.4310e+00, 3.5310e+00,
       3.6310e+00, 3.7310e+00, 3.8310e+00, 3.9310e+00, 4.0310e+00,
       4.1310e+00, 4.2310e+00, 4.3310e+00, 4.4310e+00, 4.5310e+00,
       4.6310e+00, 4.7310e+00, 4.8310e+00, 4.9310e+00, 5.0310e+00,
       5.1115e+00, 5.1810e+00, 5.2335e+00, 5.2705e+00, 5.3120e+00,
       5.3420e+00, 5.3700e+00, 5.3870e+00, 5.4045e+00, 5.4195e+00,
       5.4300e+00, 5.4405e+00, 5.4550e+00, 5.4600e+00, 5.4665e+00,
       5.4715e+00, 5.4765e+00, 5.4815e+00, 5.4865e+00, 5.4915e+00,
       5.4965e+00, 5.5015e+00, 5.5120e+00, 5.5185e+00, 5.5295e+00,
       5.5400e+00]), 'potential_array': array([ 179.1,  178.9,  178.8,  178.4,  177.4,  174.9,  171.3,  168.1,
        165.1,  161.6,  158.8,  156.1,  153.5,  150.8,  148.4,  146.1,
        143.8,  141.6,  139.5,  137.4,  135.3,  133.6,  131.7,  129.7,
        128. ,  126.3,  124.4,  122.6,  120.8,  119.2,  117.5,  115.6,
        114. ,  112.3,  110.7,  108.9,  107. ,  105.1,  103.4,  101.4,
         99.5,   97.6,   95.4,   93.2,   91.1,   88.7,   86.3,   83.7,
         81. ,   77.7,   74.6,   71. ,   66.9,   62.4,   56.9,   51.8,
         46.4,   41. ,   36.9,   31.2,   26.5,   20.5,   16.3,   11.3,
          5.6,    1.2,   -2.8,  -15.4,  -19.5,  -33.4,  -56.1,  -85.4,
       -102.9, -114.2, -122.2, -130. , -134.3, -142.8, -146.8, -152.7,
       -157.2]), 'V': 25.0, 'C_B': 0.1, 'titration_type': 'acid_base', 'r2_threshold': 0.95}
Computing Gran/Schwartz for type: acid_base
DEBUG gran_functions: potential first 5: [179.1 178.9 178.8 178.4 177.4]
DEBUG gran_functions: pH first 5: [3.97261663 3.9759973  3.97768763 3.98444895 4.00135227]
Gran and Schwartz computed successfully.
Computing Gran/Schwartz for type: acid_base
DEBUG gran_functions: potential first 5: [179.1 178.9 178.8 178.4 177.4]
DEBUG gran_functions: pH first 5: [3.97261663 3.9759973  3.97768763 3.98444895 4.00135227]
Gran and Schwartz computed successfully.
=== ANALYZER NESTED RESULTS ===
Gran Raw: V_eq = 5.492 mL, R² = 0.9996, k = 0.000, Zone = 46-76
Gran Opt: V_eq = 5.485 mL, R² = 1.0000, k = 1.440, Zone = 42-72
Schwartz Raw: V_eq = 5.492 mL, R² = 0.9996, k = 0.000, Zone = 46-76
Schwartz Opt: V_eq = 5.485 mL, R² = 1.0000, k = 1.440, Zone = 42-72
pH shape: (81,)
=== END ANALYZER NESTED ===
Titration curve saved to /home/sgiani/repos/GranTED/results/20/titration_curve.png
Gran/Schwartz combined plot saved to /home/sgiani/repos/GranTED/results/20/gran_schwartz.png
Combined overview plot saved to /home/sgiani/repos/GranTED/results/20/plots.png
All visualizations saved to /home/sgiani/repos/GranTED/results/20
Generating CSV report...
Saved simple CSV report to /home/sgiani/repos/GranTED/results/20/report.csv
CSV report generated.
Generating PDF report...
Saved PDF report to /home/sgiani/repos/GranTED/results/20/report.pdf
PDF report generated.
Full report generated in /home/sgiani/repos/GranTED/results/20
Pipeline complete. Outputs in /home/sgiani/repos/GranTED/results/20
Processing triplet 21 → columns 61,62
Loaded '/home/sgiani/repos/GranTED/results/21/data.dat': 41 rows, skipped 40 header/comment/non-numeric lines.
Validation passed
Final config: {'V': 25.0, 'C_B': 0.1, 'titration_type': 'acid_base', 'r2_threshold': 0.95}
DEBUG preprocess: potential first 5: [-182.1 -181.6 -180.9 -178.7 -172.9]
Detected base titration (positive slope). Flipping sign and setting type.
Preprocessing complete: Arrays extracted, params merged, type auto-detected (if acid_base).
DEBUG df:     volume  potential
0   0.0000      182.1
1   0.0200      181.6
2   0.0400      180.9
3   0.0900      178.7
4   0.2150      172.9
5   0.3825      166.0
6   0.5825      158.2
7   0.7825      151.4
8   0.9825      145.6
9   1.1825      140.1
10  1.3825      134.7
11  1.5825      129.8
12  1.7825      124.9
13  1.9825      120.2
14  2.1825      115.8
15  2.3825      111.0
16  2.5825      105.7
17  2.7825      100.2
18  2.9825       94.8
19  3.1825       88.0
20  3.3825       80.5
21  3.5825       70.2
22  3.7030       62.8
23  3.8115       53.5
24  3.8790       46.2
25  3.9370       36.6
26  3.9690       28.4
27  3.9890       25.6
28  4.0390        5.4
29  4.0590       -7.9
30  4.0790      -55.1
31  4.0990     -114.1
32  4.1190     -134.6
33  4.1415     -148.0
34  4.1645     -156.5
35  4.1995     -166.1
36  4.2385     -173.7
37  4.2965     -182.1
38  4.3710     -189.7
39  4.4815     -198.3
40  4.6175     -206.4
DEBUG params: {'volume_array': array([0.    , 0.02  , 0.04  , 0.09  , 0.215 , 0.3825, 0.5825, 0.7825,
       0.9825, 1.1825, 1.3825, 1.5825, 1.7825, 1.9825, 2.1825, 2.3825,
       2.5825, 2.7825, 2.9825, 3.1825, 3.3825, 3.5825, 3.703 , 3.8115,
       3.879 , 3.937 , 3.969 , 3.989 , 4.039 , 4.059 , 4.079 , 4.099 ,
       4.119 , 4.1415, 4.1645, 4.1995, 4.2385, 4.2965, 4.371 , 4.4815,
       4.6175]), 'potential_array': array([ 182.1,  181.6,  180.9,  178.7,  172.9,  166. ,  158.2,  151.4,
        145.6,  140.1,  134.7,  129.8,  124.9,  120.2,  115.8,  111. ,
        105.7,  100.2,   94.8,   88. ,   80.5,   70.2,   62.8,   53.5,
         46.2,   36.6,   28.4,   25.6,    5.4,   -7.9,  -55.1, -114.1,
       -134.6, -148. , -156.5, -166.1, -173.7, -182.1, -189.7, -198.3,
       -206.4]), 'V': 25.0, 'C_B': 0.1, 'titration_type': 'acid_base', 'r2_threshold': 0.95}
Computing Gran/Schwartz for type: acid_base
DEBUG gran_functions: potential first 5: [182.1 181.6 180.9 178.7 172.9]
DEBUG gran_functions: pH first 5: [3.92190669 3.93035835 3.94219067 3.97937796 4.07741717]
Gran and Schwartz computed successfully.
Computing Gran/Schwartz for type: acid_base
DEBUG gran_functions: potential first 5: [182.1 181.6 180.9 178.7 172.9]
DEBUG gran_functions: pH first 5: [3.92190669 3.93035835 3.94219067 3.97937796 4.07741717]
Gran and Schwartz computed successfully.
=== ANALYZER NESTED RESULTS ===
Gran Raw: V_eq = 4.096 mL, R² = 0.9995, k = 0.000, Zone = 15-31
Gran Opt: V_eq = 4.087 mL, R² = 0.9999, k = 0.360, Zone = 12-30
Schwartz Raw: V_eq = 4.096 mL, R² = 0.9995, k = 0.000, Zone = 15-31
Schwartz Opt: V_eq = 4.087 mL, R² = 0.9999, k = 0.360, Zone = 12-30
pH shape: (41,)
=== END ANALYZER NESTED ===
Titration curve saved to /home/sgiani/repos/GranTED/results/21/titration_curve.png
Gran/Schwartz combined plot saved to /home/sgiani/repos/GranTED/results/21/gran_schwartz.png
Combined overview plot saved to /home/sgiani/repos/GranTED/results/21/plots.png
All visualizations saved to /home/sgiani/repos/GranTED/results/21
Generating CSV report...
Saved simple CSV report to /home/sgiani/repos/GranTED/results/21/report.csv
CSV report generated.
Generating PDF report...
Saved PDF report to /home/sgiani/repos/GranTED/results/21/report.pdf
PDF report generated.
Full report generated in /home/sgiani/repos/GranTED/results/21
Pipeline complete. Outputs in /home/sgiani/repos/GranTED/results/21
Processing triplet 22 → columns 64,65
Loaded '/home/sgiani/repos/GranTED/results/22/data.dat': 41 rows, skipped 40 header/comment/non-numeric lines.
Validation passed
Final config: {'V': 25.0, 'C_B': 0.1, 'titration_type': 'acid_base', 'r2_threshold': 0.95}
DEBUG preprocess: potential first 5: [-183.2 -182.6 -181.8 -179.5 -174.4]
Detected base titration (positive slope). Flipping sign and setting type.
Preprocessing complete: Arrays extracted, params merged, type auto-detected (if acid_base).
DEBUG df:     volume  potential
0   0.0000      183.2
1   0.0200      182.6
2   0.0400      181.8
3   0.0900      179.5
4   0.2150      174.4
5   0.4150      166.3
6   0.6150      158.5
7   0.8150      152.2
8   1.0150      146.3
9   1.2150      140.9
10  1.4150      136.2
11  1.6150      131.4
12  1.8150      127.0
13  2.0150      122.4
14  2.2150      118.1
15  2.4150      113.5
16  2.6150      108.8
17  2.8150      103.9
18  3.0150       98.5
19  3.2150       93.0
20  3.4150       86.4
21  3.6150       78.4
22  3.8145       69.1
23  3.9610       59.4
24  4.0475       51.2
25  4.1060       44.7
26  4.1675       35.0
27  4.2035       27.7
28  4.2335       17.7
29  4.2535       11.0
30  4.2770       -0.7
31  4.2970      -26.3
32  4.3170      -93.4
33  4.3370     -127.4
34  4.3570     -142.2
35  4.3820     -153.4
36  4.4110     -162.6
37  4.4470     -169.9
38  4.5075     -179.7
39  4.5705     -187.2
40  4.6610     -195.2
DEBUG params: {'volume_array': array([0.    , 0.02  , 0.04  , 0.09  , 0.215 , 0.415 , 0.615 , 0.815 ,
       1.015 , 1.215 , 1.415 , 1.615 , 1.815 , 2.015 , 2.215 , 2.415 ,
       2.615 , 2.815 , 3.015 , 3.215 , 3.415 , 3.615 , 3.8145, 3.961 ,
       4.0475, 4.106 , 4.1675, 4.2035, 4.2335, 4.2535, 4.277 , 4.297 ,
       4.317 , 4.337 , 4.357 , 4.382 , 4.411 , 4.447 , 4.5075, 4.5705,
       4.661 ]), 'potential_array': array([ 183.2,  182.6,  181.8,  179.5,  174.4,  166.3,  158.5,  152.2,
        146.3,  140.9,  136.2,  131.4,  127. ,  122.4,  118.1,  113.5,
        108.8,  103.9,   98.5,   93. ,   86.4,   78.4,   69.1,   59.4,
         51.2,   44.7,   35. ,   27.7,   17.7,   11. ,   -0.7,  -26.3,
        -93.4, -127.4, -142.2, -153.4, -162.6, -169.9, -179.7, -187.2,
       -195.2]), 'V': 25.0, 'C_B': 0.1, 'titration_type': 'acid_base', 'r2_threshold': 0.95}
Computing Gran/Schwartz for type: acid_base
DEBUG gran_functions: potential first 5: [183.2 182.6 181.8 179.5 174.4]
DEBUG gran_functions: pH first 5: [3.90331305 3.91345504 3.92697769 3.96585531 4.0520622 ]
Gran and Schwartz computed successfully.
Computing Gran/Schwartz for type: acid_base
DEBUG gran_functions: potential first 5: [183.2 182.6 181.8 179.5 174.4]
DEBUG gran_functions: pH first 5: [3.90331305 3.91345504 3.92697769 3.96585531 4.0520622 ]
Gran and Schwartz computed successfully.
=== ANALYZER NESTED RESULTS ===
Gran Raw: V_eq = 4.322 mL, R² = 0.9997, k = 0.000, Zone = 16-32
Gran Opt: V_eq = 4.311 mL, R² = 0.9999, k = 0.417, Zone = 13-31
Schwartz Raw: V_eq = 4.322 mL, R² = 0.9997, k = 0.000, Zone = 16-32
Schwartz Opt: V_eq = 4.311 mL, R² = 0.9999, k = 0.417, Zone = 13-31
pH shape: (41,)
=== END ANALYZER NESTED ===
Titration curve saved to /home/sgiani/repos/GranTED/results/22/titration_curve.png
Gran/Schwartz combined plot saved to /home/sgiani/repos/GranTED/results/22/gran_schwartz.png
Combined overview plot saved to /home/sgiani/repos/GranTED/results/22/plots.png
All visualizations saved to /home/sgiani/repos/GranTED/results/22
Generating CSV report...
Saved simple CSV report to /home/sgiani/repos/GranTED/results/22/report.csv
CSV report generated.
Generating PDF report...
Saved PDF report to /home/sgiani/repos/GranTED/results/22/report.pdf
PDF report generated.
Full report generated in /home/sgiani/repos/GranTED/results/22
Pipeline complete. Outputs in /home/sgiani/repos/GranTED/results/22
Processing triplet 23 → columns 67,68
Loaded '/home/sgiani/repos/GranTED/results/23/data.dat': 40 rows, skipped 41 header/comment/non-numeric lines.
Validation passed
Final config: {'V': 25.0, 'C_B': 0.1, 'titration_type': 'acid_base', 'r2_threshold': 0.95}
DEBUG preprocess: potential first 5: [-183.1 -182.5 -181.6 -179.4 -173.8]
Detected base titration (positive slope). Flipping sign and setting type.
Preprocessing complete: Arrays extracted, params merged, type auto-detected (if acid_base).
DEBUG df:     volume  potential
0   0.0000      183.1
1   0.0200      182.5
2   0.0400      181.6
3   0.0900      179.4
4   0.2150      173.8
5   0.3835      166.6
6   0.5835      159.2
7   0.7835      152.6
8   0.9835      146.2
9   1.1835      140.6
10  1.3835      135.6
11  1.5835      130.8
12  1.7835      126.1
13  1.9835      121.5
14  2.1835      116.4
15  2.3835      112.0
16  2.5835      107.2
17  2.7835      101.8
18  2.9835       96.1
19  3.1835       89.7
20  3.3835       82.0
21  3.5835       72.7
22  3.7325       64.1
23  3.8420       55.2
24  3.9135       48.1
25  3.9785       36.9
26  4.0055       32.5
27  4.0565       19.1
28  4.0765       11.5
29  4.0965       -1.7
30  4.1165      -23.7
31  4.1365      -85.9
32  4.1565     -125.0
33  4.1765     -141.4
34  4.2000     -152.2
35  4.2310     -161.6
36  4.2710     -170.2
37  4.3225     -178.1
38  4.3965     -187.3
39  4.4760     -194.2
DEBUG params: {'volume_array': array([0.    , 0.02  , 0.04  , 0.09  , 0.215 , 0.3835, 0.5835, 0.7835,
       0.9835, 1.1835, 1.3835, 1.5835, 1.7835, 1.9835, 2.1835, 2.3835,
       2.5835, 2.7835, 2.9835, 3.1835, 3.3835, 3.5835, 3.7325, 3.842 ,
       3.9135, 3.9785, 4.0055, 4.0565, 4.0765, 4.0965, 4.1165, 4.1365,
       4.1565, 4.1765, 4.2   , 4.231 , 4.271 , 4.3225, 4.3965, 4.476 ]), 'potential_array': array([ 183.1,  182.5,  181.6,  179.4,  173.8,  166.6,  159.2,  152.6,
        146.2,  140.6,  135.6,  130.8,  126.1,  121.5,  116.4,  112. ,
        107.2,  101.8,   96.1,   89.7,   82. ,   72.7,   64.1,   55.2,
         48.1,   36.9,   32.5,   19.1,   11.5,   -1.7,  -23.7,  -85.9,
       -125. , -141.4, -152.2, -161.6, -170.2, -178.1, -187.3, -194.2]), 'V': 25.0, 'C_B': 0.1, 'titration_type': 'acid_base', 'r2_threshold': 0.95}
Computing Gran/Schwartz for type: acid_base
DEBUG gran_functions: potential first 5: [183.1 182.5 181.6 179.4 173.8]
DEBUG gran_functions: pH first 5: [3.90500338 3.91514537 3.93035835 3.96754564 4.06220419]
Gran and Schwartz computed successfully.
Computing Gran/Schwartz for type: acid_base
DEBUG gran_functions: potential first 5: [183.1 182.5 181.6 179.4 173.8]
DEBUG gran_functions: pH first 5: [3.90500338 3.91514537 3.93035835 3.96754564 4.06220419]
Gran and Schwartz computed successfully.
=== ANALYZER NESTED RESULTS ===
Gran Raw: V_eq = 4.141 mL, R² = 0.9998, k = 0.000, Zone = 16-32
Gran Opt: V_eq = 4.138 mL, R² = 0.9999, k = 0.204, Zone = 15-32
Schwartz Raw: V_eq = 4.141 mL, R² = 0.9998, k = 0.000, Zone = 16-32
Schwartz Opt: V_eq = 4.138 mL, R² = 0.9999, k = 0.204, Zone = 15-32
pH shape: (40,)
=== END ANALYZER NESTED ===
Titration curve saved to /home/sgiani/repos/GranTED/results/23/titration_curve.png
Gran/Schwartz combined plot saved to /home/sgiani/repos/GranTED/results/23/gran_schwartz.png
Combined overview plot saved to /home/sgiani/repos/GranTED/results/23/plots.png
All visualizations saved to /home/sgiani/repos/GranTED/results/23
Generating CSV report...
Saved simple CSV report to /home/sgiani/repos/GranTED/results/23/report.csv
CSV report generated.
Generating PDF report...
Saved PDF report to /home/sgiani/repos/GranTED/results/23/report.pdf
PDF report generated.
Full report generated in /home/sgiani/repos/GranTED/results/23
Pipeline complete. Outputs in /home/sgiani/repos/GranTED/results/23
Processing triplet 24 → columns 70,71
Loaded '/home/sgiani/repos/GranTED/results/24/data.dat': 40 rows, skipped 41 header/comment/non-numeric lines.
Validation passed
Final config: {'V': 25.0, 'C_B': 0.1, 'titration_type': 'acid_base', 'r2_threshold': 0.95}
DEBUG preprocess: potential first 5: [-182.7 -182.2 -181.3 -178.8 -173.4]
Detected base titration (positive slope). Flipping sign and setting type.
Preprocessing complete: Arrays extracted, params merged, type auto-detected (if acid_base).
DEBUG df:     volume  potential
0   0.0000      182.7
1   0.0200      182.2
2   0.0400      181.3
3   0.0900      178.8
4   0.2150      173.4
5   0.4150      165.2
6   0.6150      157.7
7   0.8150      151.3
8   1.0150      145.3
9   1.2150      139.9
10  1.4150      134.7
11  1.6150      129.8
12  1.8150      125.0
13  2.0150      120.3
14  2.2150      115.9
15  2.4150      110.9
16  2.6150      106.4
17  2.8150      100.8
18  3.0150       95.4
19  3.2150       88.9
20  3.4150       81.5
21  3.6150       71.6
22  3.7470       63.7
23  3.8560       55.2
24  3.9345       45.0
25  3.9715       40.9
26  4.0570       22.1
27  4.0770       17.2
28  4.1050        4.5
29  4.1250      -16.6
30  4.1450      -68.6
31  4.1650     -116.8
32  4.1850     -137.8
33  4.2050     -148.2
34  4.2360     -158.8
35  4.2720     -168.2
36  4.3120     -175.7
37  4.3710     -183.8
38  4.4520     -191.4
39  4.5755     -200.7
DEBUG params: {'volume_array': array([0.    , 0.02  , 0.04  , 0.09  , 0.215 , 0.415 , 0.615 , 0.815 ,
       1.015 , 1.215 , 1.415 , 1.615 , 1.815 , 2.015 , 2.215 , 2.415 ,
       2.615 , 2.815 , 3.015 , 3.215 , 3.415 , 3.615 , 3.747 , 3.856 ,
       3.9345, 3.9715, 4.057 , 4.077 , 4.105 , 4.125 , 4.145 , 4.165 ,
       4.185 , 4.205 , 4.236 , 4.272 , 4.312 , 4.371 , 4.452 , 4.5755]), 'potential_array': array([ 182.7,  182.2,  181.3,  178.8,  173.4,  165.2,  157.7,  151.3,
        145.3,  139.9,  134.7,  129.8,  125. ,  120.3,  115.9,  110.9,
        106.4,  100.8,   95.4,   88.9,   81.5,   71.6,   63.7,   55.2,
         45. ,   40.9,   22.1,   17.2,    4.5,  -16.6,  -68.6, -116.8,
       -137.8, -148.2, -158.8, -168.2, -175.7, -183.8, -191.4, -200.7]), 'V': 25.0, 'C_B': 0.1, 'titration_type': 'acid_base', 'r2_threshold': 0.95}
Computing Gran/Schwartz for type: acid_base
DEBUG gran_functions: potential first 5: [182.7 182.2 181.3 178.8 173.4]
DEBUG gran_functions: pH first 5: [3.91176471 3.92021636 3.93542934 3.97768763 4.06896552]
Gran and Schwartz computed successfully.
Computing Gran/Schwartz for type: acid_base
DEBUG gran_functions: potential first 5: [182.7 182.2 181.3 178.8 173.4]
DEBUG gran_functions: pH first 5: [3.91176471 3.92021636 3.93542934 3.97768763 4.06896552]
Gran and Schwartz computed successfully.
=== ANALYZER NESTED RESULTS ===
Gran Raw: V_eq = 4.158 mL, R² = 0.9994, k = 0.000, Zone = 16-32
Gran Opt: V_eq = 4.157 mL, R² = 0.9998, k = 0.272, Zone = 10-27
Schwartz Raw: V_eq = 4.158 mL, R² = 0.9994, k = 0.000, Zone = 16-32
Schwartz Opt: V_eq = 4.157 mL, R² = 0.9998, k = 0.272, Zone = 10-27
pH shape: (40,)
=== END ANALYZER NESTED ===
Titration curve saved to /home/sgiani/repos/GranTED/results/24/titration_curve.png
Gran/Schwartz combined plot saved to /home/sgiani/repos/GranTED/results/24/gran_schwartz.png
Combined overview plot saved to /home/sgiani/repos/GranTED/results/24/plots.png
All visualizations saved to /home/sgiani/repos/GranTED/results/24
Generating CSV report...
Saved simple CSV report to /home/sgiani/repos/GranTED/results/24/report.csv
CSV report generated.
Generating PDF report...
Saved PDF report to /home/sgiani/repos/GranTED/results/24/report.pdf
PDF report generated.
Full report generated in /home/sgiani/repos/GranTED/results/24
Pipeline complete. Outputs in /home/sgiani/repos/GranTED/results/24
Processing triplet 25 → columns 73,74
Loaded '/home/sgiani/repos/GranTED/results/25/data.dat': 41 rows, skipped 40 header/comment/non-numeric lines.
Validation passed
Final config: {'V': 25.0, 'C_B': 0.1, 'titration_type': 'acid_base', 'r2_threshold': 0.95}
DEBUG preprocess: potential first 5: [-182.7 -181.9 -181.  -178.9 -173.2]
Detected base titration (positive slope). Flipping sign and setting type.
Preprocessing complete: Arrays extracted, params merged, type auto-detected (if acid_base).
DEBUG df:     volume  potential
0   0.0000      182.7
1   0.0200      181.9
2   0.0400      181.0
3   0.0900      178.9
4   0.2150      173.2
5   0.3830      166.2
6   0.5830      158.6
7   0.7830      152.1
8   0.9830      146.4
9   1.1830      140.5
10  1.3830      135.3
11  1.5830      130.3
12  1.7830      125.5
13  1.9830      121.0
14  2.1830      116.2
15  2.3830      111.4
16  2.5830      106.7
17  2.7830      101.1
18  2.9830       95.7
19  3.1830       89.3
20  3.3830       81.9
21  3.5830       72.7
22  3.7340       62.9
23  3.8210       55.6
24  3.8945       48.7
25  3.9700       37.5
26  4.0045       30.4
27  4.0325       23.7
28  4.0610       13.1
29  4.0810        2.8
30  4.1010      -13.0
31  4.1210      -57.4
32  4.1410     -120.4
33  4.1610     -137.9
34  4.1940     -153.3
35  4.2260     -163.2
36  4.2655     -171.4
37  4.3225     -181.0
38  4.3815     -187.3
39  4.4990     -197.1
40  4.6205     -204.2
DEBUG params: {'volume_array': array([0.    , 0.02  , 0.04  , 0.09  , 0.215 , 0.383 , 0.583 , 0.783 ,
       0.983 , 1.183 , 1.383 , 1.583 , 1.783 , 1.983 , 2.183 , 2.383 ,
       2.583 , 2.783 , 2.983 , 3.183 , 3.383 , 3.583 , 3.734 , 3.821 ,
       3.8945, 3.97  , 4.0045, 4.0325, 4.061 , 4.081 , 4.101 , 4.121 ,
       4.141 , 4.161 , 4.194 , 4.226 , 4.2655, 4.3225, 4.3815, 4.499 ,
       4.6205]), 'potential_array': array([ 182.7,  181.9,  181. ,  178.9,  173.2,  166.2,  158.6,  152.1,
        146.4,  140.5,  135.3,  130.3,  125.5,  121. ,  116.2,  111.4,
        106.7,  101.1,   95.7,   89.3,   81.9,   72.7,   62.9,   55.6,
         48.7,   37.5,   30.4,   23.7,   13.1,    2.8,  -13. ,  -57.4,
       -120.4, -137.9, -153.3, -163.2, -171.4, -181. , -187.3, -197.1,
       -204.2]), 'V': 25.0, 'C_B': 0.1, 'titration_type': 'acid_base', 'r2_threshold': 0.95}
Computing Gran/Schwartz for type: acid_base
DEBUG gran_functions: potential first 5: [182.7 181.9 181.  178.9 173.2]
DEBUG gran_functions: pH first 5: [3.91176471 3.92528736 3.94050034 3.9759973  4.07234618]
Gran and Schwartz computed successfully.
Computing Gran/Schwartz for type: acid_base
DEBUG gran_functions: potential first 5: [182.7 181.9 181.  178.9 173.2]
DEBUG gran_functions: pH first 5: [3.91176471 3.92528736 3.94050034 3.9759973  4.07234618]
Gran and Schwartz computed successfully.
=== ANALYZER NESTED RESULTS ===
Gran Raw: V_eq = 4.132 mL, R² = 0.9996, k = 0.000, Zone = 16-32
Gran Opt: V_eq = 4.123 mL, R² = 0.9999, k = 0.429, Zone = 13-31
Schwartz Raw: V_eq = 4.132 mL, R² = 0.9996, k = 0.000, Zone = 16-32
Schwartz Opt: V_eq = 4.123 mL, R² = 0.9999, k = 0.429, Zone = 13-31
pH shape: (41,)
=== END ANALYZER NESTED ===
Titration curve saved to /home/sgiani/repos/GranTED/results/25/titration_curve.png
Gran/Schwartz combined plot saved to /home/sgiani/repos/GranTED/results/25/gran_schwartz.png
Combined overview plot saved to /home/sgiani/repos/GranTED/results/25/plots.png
All visualizations saved to /home/sgiani/repos/GranTED/results/25
Generating CSV report...
Saved simple CSV report to /home/sgiani/repos/GranTED/results/25/report.csv
CSV report generated.
Generating PDF report...
Saved PDF report to /home/sgiani/repos/GranTED/results/25/report.pdf
PDF report generated.
Full report generated in /home/sgiani/repos/GranTED/results/25
Pipeline complete. Outputs in /home/sgiani/repos/GranTED/results/25
Processing triplet 26 → columns 76,77
Loaded '/home/sgiani/repos/GranTED/results/26/data.dat': 41 rows, skipped 40 header/comment/non-numeric lines.
Validation passed
Final config: {'V': 25.0, 'C_B': 0.1, 'titration_type': 'acid_base', 'r2_threshold': 0.95}
DEBUG preprocess: potential first 5: [-182.6 -182.  -181.2 -178.8 -173.2]
Detected base titration (positive slope). Flipping sign and setting type.
Preprocessing complete: Arrays extracted, params merged, type auto-detected (if acid_base).
DEBUG df:     volume  potential
0   0.0000      182.6
1   0.0200      182.0
2   0.0400      181.2
3   0.0900      178.8
4   0.2150      173.2
5   0.4015      165.4
6   0.6015      157.8
7   0.8015      151.6
8   1.0015      145.0
9   1.2015      139.8
10  1.4015      134.6
11  1.6015      129.7
12  1.8015      125.1
13  2.0015      120.3
14  2.2015      115.8
15  2.4015      111.0
16  2.6015      106.0
17  2.8015      100.6
18  3.0015       95.2
19  3.2015       88.7
20  3.4015       81.1
21  3.6015       71.8
22  3.7500       62.0
23  3.8355       54.3
24  3.8995       48.4
25  3.9845       35.0
26  4.0140       28.6
27  4.0415       21.5
28  4.0670       11.9
29  4.0870       -0.9
30  4.1070      -20.6
31  4.1270      -86.4
32  4.1470     -125.8
33  4.1670     -140.8
34  4.1950     -153.8
35  4.2230     -162.4
36  4.2620     -172.1
37  4.3020     -178.4
38  4.3800     -187.5
39  4.4735     -195.9
40  4.5910     -203.2
DEBUG params: {'volume_array': array([0.    , 0.02  , 0.04  , 0.09  , 0.215 , 0.4015, 0.6015, 0.8015,
       1.0015, 1.2015, 1.4015, 1.6015, 1.8015, 2.0015, 2.2015, 2.4015,
       2.6015, 2.8015, 3.0015, 3.2015, 3.4015, 3.6015, 3.75  , 3.8355,
       3.8995, 3.9845, 4.014 , 4.0415, 4.067 , 4.087 , 4.107 , 4.127 ,
       4.147 , 4.167 , 4.195 , 4.223 , 4.262 , 4.302 , 4.38  , 4.4735,
       4.591 ]), 'potential_array': array([ 182.6,  182. ,  181.2,  178.8,  173.2,  165.4,  157.8,  151.6,
        145. ,  139.8,  134.6,  129.7,  125.1,  120.3,  115.8,  111. ,
        106. ,  100.6,   95.2,   88.7,   81.1,   71.8,   62. ,   54.3,
         48.4,   35. ,   28.6,   21.5,   11.9,   -0.9,  -20.6,  -86.4,
       -125.8, -140.8, -153.8, -162.4, -172.1, -178.4, -187.5, -195.9,
       -203.2]), 'V': 25.0, 'C_B': 0.1, 'titration_type': 'acid_base', 'r2_threshold': 0.95}
Computing Gran/Schwartz for type: acid_base
DEBUG gran_functions: potential first 5: [182.6 182.  181.2 178.8 173.2]
DEBUG gran_functions: pH first 5: [3.91345504 3.92359703 3.93711968 3.97768763 4.07234618]
Gran and Schwartz computed successfully.
Computing Gran/Schwartz for type: acid_base
DEBUG gran_functions: potential first 5: [182.6 182.  181.2 178.8 173.2]
DEBUG gran_functions: pH first 5: [3.91345504 3.92359703 3.93711968 3.97768763 4.07234618]
Gran and Schwartz computed successfully.
=== ANALYZER NESTED RESULTS ===
Gran Raw: V_eq = 4.135 mL, R² = 0.9994, k = 0.000, Zone = 16-32
Gran Opt: V_eq = 4.124 mL, R² = 0.9998, k = 0.562, Zone = 13-32
Schwartz Raw: V_eq = 4.135 mL, R² = 0.9994, k = 0.000, Zone = 16-32
Schwartz Opt: V_eq = 4.124 mL, R² = 0.9998, k = 0.562, Zone = 13-32
pH shape: (41,)
=== END ANALYZER NESTED ===
Titration curve saved to /home/sgiani/repos/GranTED/results/26/titration_curve.png
Gran/Schwartz combined plot saved to /home/sgiani/repos/GranTED/results/26/gran_schwartz.png
Combined overview plot saved to /home/sgiani/repos/GranTED/results/26/plots.png
All visualizations saved to /home/sgiani/repos/GranTED/results/26
Generating CSV report...
Saved simple CSV report to /home/sgiani/repos/GranTED/results/26/report.csv
CSV report generated.
Generating PDF report...
Saved PDF report to /home/sgiani/repos/GranTED/results/26/report.pdf
PDF report generated.
Full report generated in /home/sgiani/repos/GranTED/results/26
Pipeline complete. Outputs in /home/sgiani/repos/GranTED/results/26
Processing triplet 27 → columns 79,80
Loaded '/home/sgiani/repos/GranTED/results/27/data.dat': 35 rows, skipped 46 header/comment/non-numeric lines.
Validation passed
Final config: {'V': 25.0, 'C_B': 0.1, 'titration_type': 'acid_base', 'r2_threshold': 0.95}
DEBUG preprocess: potential first 5: [115.3 109.9 105.7  95.8  89.6]
Detected acid titration (negative slope). No flip.
Preprocessing complete: Arrays extracted, params merged, type auto-detected (if acid_base).
DEBUG df:     volume  potential
0   0.0000      115.3
1   0.0500      109.9
2   0.1000      105.7
3   0.2175       95.8
4   0.3140       89.6
5   0.4775       80.6
6   0.6490       73.6
7   0.9110       65.9
8   1.2910       56.7
9   1.6900       48.4
10  2.1395       41.6
11  2.6395       32.1
12  2.9935       26.0
13  3.4935       16.8
14  3.8965        8.8
15  4.2740       -2.1
16  4.4625       -7.9
17  4.7100      -18.3
18  4.8480      -26.8
19  4.9375      -33.8
20  5.0180      -41.6
21  5.0850      -51.6
22  5.1350      -60.1
23  5.1850      -71.2
24  5.2350      -85.4
25  5.2850     -103.5
26  5.3350     -155.5
27  5.3850     -192.2
28  5.4350     -206.8
29  5.5040     -216.2
30  5.6290     -227.3
31  5.7690     -234.6
32  6.0260     -243.6
33  6.3705     -251.7
34  6.8695     -259.8
DEBUG params: {'volume_array': array([0.    , 0.05  , 0.1   , 0.2175, 0.314 , 0.4775, 0.649 , 0.911 ,
       1.291 , 1.69  , 2.1395, 2.6395, 2.9935, 3.4935, 3.8965, 4.274 ,
       4.4625, 4.71  , 4.848 , 4.9375, 5.018 , 5.085 , 5.135 , 5.185 ,
       5.235 , 5.285 , 5.335 , 5.385 , 5.435 , 5.504 , 5.629 , 5.769 ,
       6.026 , 6.3705, 6.8695]), 'potential_array': array([ 115.3,  109.9,  105.7,   95.8,   89.6,   80.6,   73.6,   65.9,
         56.7,   48.4,   41.6,   32.1,   26. ,   16.8,    8.8,   -2.1,
         -7.9,  -18.3,  -26.8,  -33.8,  -41.6,  -51.6,  -60.1,  -71.2,
        -85.4, -103.5, -155.5, -192.2, -206.8, -216.2, -227.3, -234.6,
       -243.6, -251.7, -259.8]), 'V': 25.0, 'C_B': 0.1, 'titration_type': 'acid_base', 'r2_threshold': 0.95, 'is_base': False}
Computing Gran/Schwartz for type: acid_base
DEBUG gran_functions: potential first 5: [115.3 109.9 105.7  95.8  89.6]
DEBUG gran_functions: pH first 5: [5.05104801 5.1423259  5.21331981 5.38066261 5.48546315]
Gran and Schwartz computed successfully.
Computing Gran/Schwartz for type: acid_base
DEBUG gran_functions: potential first 5: [115.3 109.9 105.7  95.8  89.6]
DEBUG gran_functions: pH first 5: [5.05104801 5.1423259  5.21331981 5.38066261 5.48546315]
Gran and Schwartz computed successfully.
=== ANALYZER NESTED RESULTS ===
Gran Raw: V_eq = 5.294 mL, R² = 0.9976, k = 0.000, Zone = 13-26
Gran Opt: V_eq = 5.285 mL, R² = 0.9992, k = 0.832, Zone = 9-26
Schwartz Raw: V_eq = 5.294 mL, R² = 0.9976, k = 0.000, Zone = 13-26
Schwartz Opt: V_eq = 5.285 mL, R² = 0.9992, k = 0.832, Zone = 9-26
pH shape: (35,)
=== END ANALYZER NESTED ===
Titration curve saved to /home/sgiani/repos/GranTED/results/27/titration_curve.png
Gran/Schwartz combined plot saved to /home/sgiani/repos/GranTED/results/27/gran_schwartz.png
Combined overview plot saved to /home/sgiani/repos/GranTED/results/27/plots.png
All visualizations saved to /home/sgiani/repos/GranTED/results/27
Generating CSV report...
Saved simple CSV report to /home/sgiani/repos/GranTED/results/27/report.csv
CSV report generated.
Generating PDF report...
Saved PDF report to /home/sgiani/repos/GranTED/results/27/report.pdf
PDF report generated.
Full report generated in /home/sgiani/repos/GranTED/results/27
Pipeline complete. Outputs in /home/sgiani/repos/GranTED/results/27
Processing triplet 28 → columns 82,83
Loaded '/home/sgiani/repos/GranTED/results/28/data.dat': 35 rows, skipped 46 header/comment/non-numeric lines.
Validation passed
Final config: {'V': 25.0, 'C_B': 0.1, 'titration_type': 'acid_base', 'r2_threshold': 0.95}
DEBUG preprocess: potential first 5: [114.9 109.4 105.   96.1  87.5]
Detected acid titration (negative slope). No flip.
Preprocessing complete: Arrays extracted, params merged, type auto-detected (if acid_base).
DEBUG df:     volume  potential
0   0.0000      114.9
1   0.0500      109.4
2   0.1000      105.0
3   0.2175       96.1
4   0.3365       87.5
5   0.4555       80.9
6   0.6400       74.0
7   0.9555       64.4
8   1.2820       56.6
9   1.7025       47.7
10  2.1350       40.2
11  2.6350       31.3
12  3.0665       24.7
13  3.5665       15.3
14  3.9280        7.3
15  4.2340       -0.6
16  4.5020       -8.9
17  4.7140      -18.9
18  4.8260      -25.1
19  4.9510      -34.5
20  5.0290      -42.4
21  5.0870      -50.2
22  5.1370      -59.4
23  5.1870      -69.9
24  5.2370      -83.0
25  5.2870     -100.6
26  5.3370     -142.8
27  5.3870     -188.6
28  5.4370     -205.0
29  5.5055     -215.7
30  5.6140     -225.8
31  5.7560     -233.7
32  6.0005     -242.6
33  6.3340     -250.8
34  6.8090     -258.8
DEBUG params: {'volume_array': array([0.    , 0.05  , 0.1   , 0.2175, 0.3365, 0.4555, 0.64  , 0.9555,
       1.282 , 1.7025, 2.135 , 2.635 , 3.0665, 3.5665, 3.928 , 4.234 ,
       4.502 , 4.714 , 4.826 , 4.951 , 5.029 , 5.087 , 5.137 , 5.187 ,
       5.237 , 5.287 , 5.337 , 5.387 , 5.437 , 5.5055, 5.614 , 5.756 ,
       6.0005, 6.334 , 6.809 ]), 'potential_array': array([ 114.9,  109.4,  105. ,   96.1,   87.5,   80.9,   74. ,   64.4,
         56.6,   47.7,   40.2,   31.3,   24.7,   15.3,    7.3,   -0.6,
         -8.9,  -18.9,  -25.1,  -34.5,  -42.4,  -50.2,  -59.4,  -69.9,
        -83. , -100.6, -142.8, -188.6, -205. , -215.7, -225.8, -233.7,
       -242.6, -250.8, -258.8]), 'V': 25.0, 'C_B': 0.1, 'titration_type': 'acid_base', 'r2_threshold': 0.95, 'is_base': False}
Computing Gran/Schwartz for type: acid_base
DEBUG gran_functions: potential first 5: [114.9 109.4 105.   96.1  87.5]
DEBUG gran_functions: pH first 5: [5.05780933 5.15077755 5.22515213 5.37559162 5.52096011]
Gran and Schwartz computed successfully.
Computing Gran/Schwartz for type: acid_base
DEBUG gran_functions: potential first 5: [114.9 109.4 105.   96.1  87.5]
DEBUG gran_functions: pH first 5: [5.05780933 5.15077755 5.22515213 5.37559162 5.52096011]
Gran and Schwartz computed successfully.
=== ANALYZER NESTED RESULTS ===
Gran Raw: V_eq = 5.300 mL, R² = 0.9980, k = 0.000, Zone = 13-26
Gran Opt: V_eq = 5.304 mL, R² = 0.9993, k = 0.802, Zone = 9-26
Schwartz Raw: V_eq = 5.300 mL, R² = 0.9980, k = 0.000, Zone = 13-26
Schwartz Opt: V_eq = 5.304 mL, R² = 0.9993, k = 0.802, Zone = 9-26
pH shape: (35,)
=== END ANALYZER NESTED ===
Titration curve saved to /home/sgiani/repos/GranTED/results/28/titration_curve.png
Gran/Schwartz combined plot saved to /home/sgiani/repos/GranTED/results/28/gran_schwartz.png
Combined overview plot saved to /home/sgiani/repos/GranTED/results/28/plots.png
All visualizations saved to /home/sgiani/repos/GranTED/results/28
Generating CSV report...
Saved simple CSV report to /home/sgiani/repos/GranTED/results/28/report.csv
CSV report generated.
Generating PDF report...
Saved PDF report to /home/sgiani/repos/GranTED/results/28/report.pdf
PDF report generated.
Full report generated in /home/sgiani/repos/GranTED/results/28
Pipeline complete. Outputs in /home/sgiani/repos/GranTED/results/28
Processing triplet 29 → columns 85,86
Loaded '/home/sgiani/repos/GranTED/results/29/data.dat': 35 rows, skipped 46 header/comment/non-numeric lines.
Validation passed
Final config: {'V': 25.0, 'C_B': 0.1, 'titration_type': 'acid_base', 'r2_threshold': 0.95}
DEBUG preprocess: potential first 5: [115.  109.7 105.6  94.7  89. ]
Detected acid titration (negative slope). No flip.
Preprocessing complete: Arrays extracted, params merged, type auto-detected (if acid_base).
DEBUG df:     volume  potential
0   0.0000      115.0
1   0.0500      109.7
2   0.1000      105.6
3   0.2250       94.7
4   0.3115       89.0
5   0.4685       81.1
6   0.6835       72.5
7   0.9305       65.4
8   1.3180       55.7
9   1.6825       48.7
10  2.1825       39.6
11  2.6365       31.8
12  3.1350       24.0
13  3.6350       14.9
14  4.0210        6.7
15  4.3450       -2.1
16  4.5725       -9.5
17  4.7800      -18.4
18  4.9205      -26.3
19  5.0300      -34.4
20  5.1120      -43.4
21  5.1620      -49.8
22  5.2160      -58.9
23  5.2660      -69.1
24  5.3160      -81.7
25  5.3660      -96.8
26  5.4160     -137.6
27  5.4660     -186.7
28  5.5160     -204.3
29  5.5790     -214.7
30  5.6825     -224.5
31  5.8300     -233.2
32  6.0500     -241.7
33  6.3615     -249.8
34  6.8210     -257.8
DEBUG params: {'volume_array': array([0.    , 0.05  , 0.1   , 0.225 , 0.3115, 0.4685, 0.6835, 0.9305,
       1.318 , 1.6825, 2.1825, 2.6365, 3.135 , 3.635 , 4.021 , 4.345 ,
       4.5725, 4.78  , 4.9205, 5.03  , 5.112 , 5.162 , 5.216 , 5.266 ,
       5.316 , 5.366 , 5.416 , 5.466 , 5.516 , 5.579 , 5.6825, 5.83  ,
       6.05  , 6.3615, 6.821 ]), 'potential_array': array([ 115. ,  109.7,  105.6,   94.7,   89. ,   81.1,   72.5,   65.4,
         55.7,   48.7,   39.6,   31.8,   24. ,   14.9,    6.7,   -2.1,
         -9.5,  -18.4,  -26.3,  -34.4,  -43.4,  -49.8,  -58.9,  -69.1,
        -81.7,  -96.8, -137.6, -186.7, -204.3, -214.7, -224.5, -233.2,
       -241.7, -249.8, -257.8]), 'V': 25.0, 'C_B': 0.1, 'titration_type': 'acid_base', 'r2_threshold': 0.95, 'is_base': False}
Computing Gran/Schwartz for type: acid_base
DEBUG gran_functions: potential first 5: [115.  109.7 105.6  94.7  89. ]
DEBUG gran_functions: pH first 5: [5.056119   5.14570656 5.21501014 5.39925625 5.49560514]
Gran and Schwartz computed successfully.
Computing Gran/Schwartz for type: acid_base
DEBUG gran_functions: potential first 5: [115.  109.7 105.6  94.7  89. ]
DEBUG gran_functions: pH first 5: [5.056119   5.14570656 5.21501014 5.39925625 5.49560514]
Gran and Schwartz computed successfully.
=== ANALYZER NESTED RESULTS ===
Gran Raw: V_eq = 5.383 mL, R² = 0.9982, k = 0.000, Zone = 13-26
Gran Opt: V_eq = 5.380 mL, R² = 0.9992, k = 0.762, Zone = 8-25
Schwartz Raw: V_eq = 5.383 mL, R² = 0.9982, k = 0.000, Zone = 13-26
Schwartz Opt: V_eq = 5.380 mL, R² = 0.9992, k = 0.762, Zone = 8-25
pH shape: (35,)
=== END ANALYZER NESTED ===
Titration curve saved to /home/sgiani/repos/GranTED/results/29/titration_curve.png
Gran/Schwartz combined plot saved to /home/sgiani/repos/GranTED/results/29/gran_schwartz.png
Combined overview plot saved to /home/sgiani/repos/GranTED/results/29/plots.png
All visualizations saved to /home/sgiani/repos/GranTED/results/29
Generating CSV report...
Saved simple CSV report to /home/sgiani/repos/GranTED/results/29/report.csv
CSV report generated.
Generating PDF report...
Saved PDF report to /home/sgiani/repos/GranTED/results/29/report.pdf
PDF report generated.
Full report generated in /home/sgiani/repos/GranTED/results/29
Pipeline complete. Outputs in /home/sgiani/repos/GranTED/results/29
Processing triplet 30 → columns 88,89
Loaded '/home/sgiani/repos/GranTED/results/30/data.dat': 35 rows, skipped 46 header/comment/non-numeric lines.
Validation passed
Final config: {'V': 25.0, 'C_B': 0.1, 'titration_type': 'acid_base', 'r2_threshold': 0.95}
DEBUG preprocess: potential first 5: [114.8 109.8 105.3  96.5  91. ]
Detected acid titration (negative slope). No flip.
Preprocessing complete: Arrays extracted, params merged, type auto-detected (if acid_base).
DEBUG df:     volume  potential
0   0.0000      114.8
1   0.0500      109.8
2   0.1000      105.3
3   0.1995       96.5
4   0.2895       91.0
5   0.4800       80.6
6   0.6455       74.1
7   0.9275       65.0
8   1.2290       58.8
9   1.7290       47.8
10  2.0760       41.9
11  2.5760       33.5
12  3.0640       25.8
13  3.5640       16.5
14  3.9370        8.8
15  4.2875       -0.4
16  4.5260       -7.6
17  4.7530      -17.3
18  4.8875      -24.3
19  5.0120      -33.2
20  5.0945      -41.2
21  5.1550      -49.1
22  5.2050      -57.3
23  5.2550      -68.1
24  5.3050      -80.8
25  5.3550      -97.2
26  5.4050     -130.4
27  5.4550     -184.0
28  5.5050     -203.3
29  5.5620     -212.8
30  5.6750     -224.3
31  5.8025     -232.0
32  6.0265     -241.1
33  6.3215     -249.0
34  6.7745     -257.2
DEBUG params: {'volume_array': array([0.    , 0.05  , 0.1   , 0.1995, 0.2895, 0.48  , 0.6455, 0.9275,
       1.229 , 1.729 , 2.076 , 2.576 , 3.064 , 3.564 , 3.937 , 4.2875,
       4.526 , 4.753 , 4.8875, 5.012 , 5.0945, 5.155 , 5.205 , 5.255 ,
       5.305 , 5.355 , 5.405 , 5.455 , 5.505 , 5.562 , 5.675 , 5.8025,
       6.0265, 6.3215, 6.7745]), 'potential_array': array([ 114.8,  109.8,  105.3,   96.5,   91. ,   80.6,   74.1,   65. ,
         58.8,   47.8,   41.9,   33.5,   25.8,   16.5,    8.8,   -0.4,
         -7.6,  -17.3,  -24.3,  -33.2,  -41.2,  -49.1,  -57.3,  -68.1,
        -80.8,  -97.2, -130.4, -184. , -203.3, -212.8, -224.3, -232. ,
       -241.1, -249. , -257.2]), 'V': 25.0, 'C_B': 0.1, 'titration_type': 'acid_base', 'r2_threshold': 0.95, 'is_base': False}
Computing Gran/Schwartz for type: acid_base
DEBUG gran_functions: potential first 5: [114.8 109.8 105.3  96.5  91. ]
DEBUG gran_functions: pH first 5: [5.05949966 5.14401623 5.22008114 5.36883029 5.46179851]
Gran and Schwartz computed successfully.
Computing Gran/Schwartz for type: acid_base
DEBUG gran_functions: potential first 5: [114.8 109.8 105.3  96.5  91. ]
DEBUG gran_functions: pH first 5: [5.05949966 5.14401623 5.22008114 5.36883029 5.46179851]
Gran and Schwartz computed successfully.
=== ANALYZER NESTED RESULTS ===
Gran Raw: V_eq = 5.377 mL, R² = 0.9984, k = 0.000, Zone = 13-26
Gran Opt: V_eq = 5.378 mL, R² = 0.9995, k = 0.841, Zone = 9-26
Schwartz Raw: V_eq = 5.377 mL, R² = 0.9984, k = 0.000, Zone = 13-26
Schwartz Opt: V_eq = 5.378 mL, R² = 0.9995, k = 0.841, Zone = 9-26
pH shape: (35,)
=== END ANALYZER NESTED ===
Titration curve saved to /home/sgiani/repos/GranTED/results/30/titration_curve.png
Gran/Schwartz combined plot saved to /home/sgiani/repos/GranTED/results/30/gran_schwartz.png
Combined overview plot saved to /home/sgiani/repos/GranTED/results/30/plots.png
All visualizations saved to /home/sgiani/repos/GranTED/results/30
Generating CSV report...
Saved simple CSV report to /home/sgiani/repos/GranTED/results/30/report.csv
CSV report generated.
Generating PDF report...
Saved PDF report to /home/sgiani/repos/GranTED/results/30/report.pdf
PDF report generated.
Full report generated in /home/sgiani/repos/GranTED/results/30
Pipeline complete. Outputs in /home/sgiani/repos/GranTED/results/30
Processing triplet 31 → columns 91,92
Loaded '/home/sgiani/repos/GranTED/results/31/data.dat': 35 rows, skipped 46 header/comment/non-numeric lines.
Validation passed
Final config: {'V': 25.0, 'C_B': 0.1, 'titration_type': 'acid_base', 'r2_threshold': 0.95}
DEBUG preprocess: potential first 5: [115.4 110.8 105.9  99.3  91.4]
Detected acid titration (negative slope). No flip.
Preprocessing complete: Arrays extracted, params merged, type auto-detected (if acid_base).
DEBUG df:     volume  potential
0   0.0000      115.4
1   0.0500      110.8
2   0.1000      105.9
3   0.1785       99.3
4   0.2880       91.4
5   0.4180       84.3
6   0.6120       75.2
7   0.8085       69.4
8   1.2460       58.0
9   1.5875       51.5
10  2.0875       42.7
11  2.5770       34.4
12  3.0655       26.5
13  3.5655       18.0
14  4.0135        9.3
15  4.3795       -0.8
16  4.5825       -6.2
17  4.8940      -18.7
18  5.0265      -26.5
19  5.1185      -33.6
20  5.1970      -41.9
21  5.2530      -48.8
22  5.3085      -56.9
23  5.3585      -68.0
24  5.4085      -80.0
25  5.4585      -95.5
26  5.5085     -127.5
27  5.5585     -183.3
28  5.6085     -202.4
29  5.6695     -213.2
30  5.7670     -223.8
31  5.8885     -231.4
32  6.1065     -240.5
33  6.3975     -248.5
34  6.8400     -256.8
DEBUG params: {'volume_array': array([0.    , 0.05  , 0.1   , 0.1785, 0.288 , 0.418 , 0.612 , 0.8085,
       1.246 , 1.5875, 2.0875, 2.577 , 3.0655, 3.5655, 4.0135, 4.3795,
       4.5825, 4.894 , 5.0265, 5.1185, 5.197 , 5.253 , 5.3085, 5.3585,
       5.4085, 5.4585, 5.5085, 5.5585, 5.6085, 5.6695, 5.767 , 5.8885,
       6.1065, 6.3975, 6.84  ]), 'potential_array': array([ 115.4,  110.8,  105.9,   99.3,   91.4,   84.3,   75.2,   69.4,
         58. ,   51.5,   42.7,   34.4,   26.5,   18. ,    9.3,   -0.8,
         -6.2,  -18.7,  -26.5,  -33.6,  -41.9,  -48.8,  -56.9,  -68. ,
        -80. ,  -95.5, -127.5, -183.3, -202.4, -213.2, -223.8, -231.4,
       -240.5, -248.5, -256.8]), 'V': 25.0, 'C_B': 0.1, 'titration_type': 'acid_base', 'r2_threshold': 0.95, 'is_base': False}
Computing Gran/Schwartz for type: acid_base
DEBUG gran_functions: potential first 5: [115.4 110.8 105.9  99.3  91.4]
DEBUG gran_functions: pH first 5: [5.04935767 5.12711291 5.20993915 5.32150101 5.45503719]
Gran and Schwartz computed successfully.
Computing Gran/Schwartz for type: acid_base
DEBUG gran_functions: potential first 5: [115.4 110.8 105.9  99.3  91.4]
DEBUG gran_functions: pH first 5: [5.04935767 5.12711291 5.20993915 5.32150101 5.45503719]
Gran and Schwartz computed successfully.
=== ANALYZER NESTED RESULTS ===
Gran Raw: V_eq = 5.483 mL, R² = 0.9980, k = 0.000, Zone = 13-26
Gran Opt: V_eq = 5.467 mL, R² = 0.9992, k = 1.007, Zone = 9-26
Schwartz Raw: V_eq = 5.483 mL, R² = 0.9980, k = 0.000, Zone = 13-26
Schwartz Opt: V_eq = 5.467 mL, R² = 0.9992, k = 1.007, Zone = 9-26
pH shape: (35,)
=== END ANALYZER NESTED ===
Titration curve saved to /home/sgiani/repos/GranTED/results/31/titration_curve.png
Gran/Schwartz combined plot saved to /home/sgiani/repos/GranTED/results/31/gran_schwartz.png
Combined overview plot saved to /home/sgiani/repos/GranTED/results/31/plots.png
All visualizations saved to /home/sgiani/repos/GranTED/results/31
Generating CSV report...
Saved simple CSV report to /home/sgiani/repos/GranTED/results/31/report.csv
CSV report generated.
Generating PDF report...
Saved PDF report to /home/sgiani/repos/GranTED/results/31/report.pdf
PDF report generated.
Full report generated in /home/sgiani/repos/GranTED/results/31
Pipeline complete. Outputs in /home/sgiani/repos/GranTED/results/31
Processing triplet 32 → columns 94,95
Loaded '/home/sgiani/repos/GranTED/results/32/data.dat': 35 rows, skipped 46 header/comment/non-numeric lines.
Validation passed
Final config: {'V': 25.0, 'C_B': 0.1, 'titration_type': 'acid_base', 'r2_threshold': 0.95}
DEBUG preprocess: potential first 5: [115.7 110.9 105.8  99.6  91.3]
Detected acid titration (negative slope). No flip.
Preprocessing complete: Arrays extracted, params merged, type auto-detected (if acid_base).
DEBUG df:     volume  potential
0   0.0000      115.7
1   0.0500      110.9
2   0.1000      105.8
3   0.1735       99.6
4   0.2890       91.3
5   0.4220       84.1
6   0.6155       76.1
7   0.8715       67.4
8   1.1560       60.7
9   1.6350       51.0
10  2.1065       42.9
11  2.6065       34.7
12  3.1065       26.6
13  3.5995       17.7
14  4.0060       10.3
15  4.4390       -0.5
16  4.6705       -7.3
17  4.9050      -16.6
18  5.0535      -24.9
19  5.1550      -32.6
20  5.2335      -40.0
21  5.3020      -47.7
22  5.3605      -56.7
23  5.4105      -66.8
24  5.4605      -79.4
25  5.5105      -94.6
26  5.5605     -123.8
27  5.6105     -181.6
28  5.6605     -200.8
29  5.7230     -213.0
30  5.8030     -221.8
31  5.9340     -230.8
32  6.1180     -239.1
33  6.3895     -247.1
34  6.8070     -255.6
DEBUG params: {'volume_array': array([0.    , 0.05  , 0.1   , 0.1735, 0.289 , 0.422 , 0.6155, 0.8715,
       1.156 , 1.635 , 2.1065, 2.6065, 3.1065, 3.5995, 4.006 , 4.439 ,
       4.6705, 4.905 , 5.0535, 5.155 , 5.2335, 5.302 , 5.3605, 5.4105,
       5.4605, 5.5105, 5.5605, 5.6105, 5.6605, 5.723 , 5.803 , 5.934 ,
       6.118 , 6.3895, 6.807 ]), 'potential_array': array([ 115.7,  110.9,  105.8,   99.6,   91.3,   84.1,   76.1,   67.4,
         60.7,   51. ,   42.9,   34.7,   26.6,   17.7,   10.3,   -0.5,
         -7.3,  -16.6,  -24.9,  -32.6,  -40. ,  -47.7,  -56.7,  -66.8,
        -79.4,  -94.6, -123.8, -181.6, -200.8, -213. , -221.8, -230.8,
       -239.1, -247.1, -255.6]), 'V': 25.0, 'C_B': 0.1, 'titration_type': 'acid_base', 'r2_threshold': 0.95, 'is_base': False}
Computing Gran/Schwartz for type: acid_base
DEBUG gran_functions: potential first 5: [115.7 110.9 105.8  99.6  91.3]
DEBUG gran_functions: pH first 5: [5.04428668 5.12542258 5.21162948 5.31643002 5.45672752]
Gran and Schwartz computed successfully.
Computing Gran/Schwartz for type: acid_base
DEBUG gran_functions: potential first 5: [115.7 110.9 105.8  99.6  91.3]
DEBUG gran_functions: pH first 5: [5.04428668 5.12542258 5.21162948 5.31643002 5.45672752]
Gran and Schwartz computed successfully.
=== ANALYZER NESTED RESULTS ===
Gran Raw: V_eq = 5.543 mL, R² = 0.9970, k = 0.000, Zone = 13-26
Gran Opt: V_eq = 5.509 mL, R² = 0.9976, k = 1.875, Zone = 10-27
Schwartz Raw: V_eq = 5.543 mL, R² = 0.9970, k = 0.000, Zone = 13-26
Schwartz Opt: V_eq = 5.509 mL, R² = 0.9976, k = 1.875, Zone = 10-27
pH shape: (35,)
=== END ANALYZER NESTED ===
Titration curve saved to /home/sgiani/repos/GranTED/results/32/titration_curve.png
Gran/Schwartz combined plot saved to /home/sgiani/repos/GranTED/results/32/gran_schwartz.png
Combined overview plot saved to /home/sgiani/repos/GranTED/results/32/plots.png
All visualizations saved to /home/sgiani/repos/GranTED/results/32
Generating CSV report...
Saved simple CSV report to /home/sgiani/repos/GranTED/results/32/report.csv
CSV report generated.
Generating PDF report...
Saved PDF report to /home/sgiani/repos/GranTED/results/32/report.pdf
PDF report generated.
Full report generated in /home/sgiani/repos/GranTED/results/32
Pipeline complete. Outputs in /home/sgiani/repos/GranTED/results/32
Processing triplet 33 → columns 97,98
Loaded '/home/sgiani/repos/GranTED/results/33/data.dat': 35 rows, skipped 46 header/comment/non-numeric lines.
Validation passed
Final config: {'V': 25.0, 'C_B': 0.1, 'titration_type': 'acid_base', 'r2_threshold': 0.95}
DEBUG preprocess: potential first 5: [111.5 107.4 102.5  96.8  89.3]
Detected acid titration (negative slope). No flip.
Preprocessing complete: Arrays extracted, params merged, type auto-detected (if acid_base).
DEBUG df:     volume  potential
0   0.0000      111.5
1   0.0500      107.4
2   0.1000      102.5
3   0.1680       96.8
4   0.2765       89.3
5   0.4180       81.5
6   0.6010       74.0
7   0.8665       65.7
8   1.1945       57.0
9   1.5585       49.7
10  2.0585       40.9
11  2.5585       32.2
12  3.0155       25.5
13  3.5155       16.1
14  3.8780        9.0
15  4.2650       -1.4
16  4.4850       -8.4
17  4.6960      -17.4
18  4.8370      -24.9
19  4.9570      -33.1
20  5.0475      -41.7
21  5.1085      -49.9
22  5.1585      -58.2
23  5.2085      -68.6
24  5.2585      -82.1
25  5.3085      -98.5
26  5.3585     -130.8
27  5.4085     -180.1
28  5.4585     -198.8
29  5.5150     -209.7
30  5.5950     -218.3
31  5.7295     -228.1
32  5.8885     -235.7
33  6.1485     -243.8
34  6.5435     -252.0
DEBUG params: {'volume_array': array([0.    , 0.05  , 0.1   , 0.168 , 0.2765, 0.418 , 0.601 , 0.8665,
       1.1945, 1.5585, 2.0585, 2.5585, 3.0155, 3.5155, 3.878 , 4.265 ,
       4.485 , 4.696 , 4.837 , 4.957 , 5.0475, 5.1085, 5.1585, 5.2085,
       5.2585, 5.3085, 5.3585, 5.4085, 5.4585, 5.515 , 5.595 , 5.7295,
       5.8885, 6.1485, 6.5435]), 'potential_array': array([ 111.5,  107.4,  102.5,   96.8,   89.3,   81.5,   74. ,   65.7,
         57. ,   49.7,   40.9,   32.2,   25.5,   16.1,    9. ,   -1.4,
         -8.4,  -17.4,  -24.9,  -33.1,  -41.7,  -49.9,  -58.2,  -68.6,
        -82.1,  -98.5, -130.8, -180.1, -198.8, -209.7, -218.3, -228.1,
       -235.7, -243.8, -252. ]), 'V': 25.0, 'C_B': 0.1, 'titration_type': 'acid_base', 'r2_threshold': 0.95, 'is_base': False}
Computing Gran/Schwartz for type: acid_base
DEBUG gran_functions: potential first 5: [111.5 107.4 102.5  96.8  89.3]
DEBUG gran_functions: pH first 5: [5.11528059 5.18458418 5.26741041 5.3637593  5.49053414]
Gran and Schwartz computed successfully.
Computing Gran/Schwartz for type: acid_base
DEBUG gran_functions: potential first 5: [111.5 107.4 102.5  96.8  89.3]
DEBUG gran_functions: pH first 5: [5.11528059 5.18458418 5.26741041 5.3637593  5.49053414]
Gran and Schwartz computed successfully.
=== ANALYZER NESTED RESULTS ===
Gran Raw: V_eq = 5.328 mL, R² = 0.9981, k = 0.000, Zone = 13-26
Gran Opt: V_eq = 5.332 mL, R² = 0.9992, k = 0.856, Zone = 9-26
Schwartz Raw: V_eq = 5.328 mL, R² = 0.9981, k = 0.000, Zone = 13-26
Schwartz Opt: V_eq = 5.332 mL, R² = 0.9992, k = 0.856, Zone = 9-26
pH shape: (35,)
=== END ANALYZER NESTED ===
Titration curve saved to /home/sgiani/repos/GranTED/results/33/titration_curve.png
Gran/Schwartz combined plot saved to /home/sgiani/repos/GranTED/results/33/gran_schwartz.png
Combined overview plot saved to /home/sgiani/repos/GranTED/results/33/plots.png
All visualizations saved to /home/sgiani/repos/GranTED/results/33
Generating CSV report...
Saved simple CSV report to /home/sgiani/repos/GranTED/results/33/report.csv
CSV report generated.
Generating PDF report...
Saved PDF report to /home/sgiani/repos/GranTED/results/33/report.pdf
PDF report generated.
Full report generated in /home/sgiani/repos/GranTED/results/33
Pipeline complete. Outputs in /home/sgiani/repos/GranTED/results/33
Processing triplet 34 → columns 100,101
Loaded '/home/sgiani/repos/GranTED/results/34/data.dat': 35 rows, skipped 46 header/comment/non-numeric lines.
Validation passed
Final config: {'V': 25.0, 'C_B': 0.1, 'titration_type': 'acid_base', 'r2_threshold': 0.95}
DEBUG preprocess: potential first 5: [109.7 105.2 100.   94.4  86.3]
Detected acid titration (negative slope). No flip.
Preprocessing complete: Arrays extracted, params merged, type auto-detected (if acid_base).
DEBUG df:     volume  potential
0   0.0000      109.7
1   0.0500      105.2
2   0.1000      100.0
3   0.1680       94.4
4   0.2890       86.3
5   0.4360       78.2
6   0.6135       71.1
7   0.8900       62.0
8   1.1850       54.9
9   1.6355       45.5
10  2.0805       38.5
11  2.5805       29.4
12  2.9630       23.0
13  3.4630       13.4
14  3.8250        5.3
15  4.1285       -3.2
16  4.3585      -11.0
17  4.5535      -19.7
18  4.6900      -27.7
19  4.7920      -35.4
20  4.8750      -43.9
21  4.9325      -52.3
22  4.9825      -61.5
23  5.0325      -73.4
24  5.0825      -86.7
25  5.1325     -107.8
26  5.1825     -149.1
27  5.2325     -187.3
28  5.2825     -202.7
29  5.3465     -212.8
30  5.4460     -222.5
31  5.5770     -230.4
32  5.7940     -239.2
33  6.0875     -247.3
34  6.5155     -254.9
DEBUG params: {'volume_array': array([0.    , 0.05  , 0.1   , 0.168 , 0.289 , 0.436 , 0.6135, 0.89  ,
       1.185 , 1.6355, 2.0805, 2.5805, 2.963 , 3.463 , 3.825 , 4.1285,
       4.3585, 4.5535, 4.69  , 4.792 , 4.875 , 4.9325, 4.9825, 5.0325,
       5.0825, 5.1325, 5.1825, 5.2325, 5.2825, 5.3465, 5.446 , 5.577 ,
       5.794 , 6.0875, 6.5155]), 'potential_array': array([ 109.7,  105.2,  100. ,   94.4,   86.3,   78.2,   71.1,   62. ,
         54.9,   45.5,   38.5,   29.4,   23. ,   13.4,    5.3,   -3.2,
        -11. ,  -19.7,  -27.7,  -35.4,  -43.9,  -52.3,  -61.5,  -73.4,
        -86.7, -107.8, -149.1, -187.3, -202.7, -212.8, -222.5, -230.4,
       -239.2, -247.3, -254.9]), 'V': 25.0, 'C_B': 0.1, 'titration_type': 'acid_base', 'r2_threshold': 0.95, 'is_base': False}
Computing Gran/Schwartz for type: acid_base
DEBUG gran_functions: potential first 5: [109.7 105.2 100.   94.4  86.3]
DEBUG gran_functions: pH first 5: [5.14570656 5.22177147 5.3096687  5.40432725 5.54124408]
Gran and Schwartz computed successfully.
Computing Gran/Schwartz for type: acid_base
DEBUG gran_functions: potential first 5: [109.7 105.2 100.   94.4  86.3]
DEBUG gran_functions: pH first 5: [5.14570656 5.22177147 5.3096687  5.40432725 5.54124408]
Gran and Schwartz computed successfully.
=== ANALYZER NESTED RESULTS ===
Gran Raw: V_eq = 5.140 mL, R² = 0.9981, k = 0.000, Zone = 13-26
Gran Opt: V_eq = 5.166 mL, R² = 0.9985, k = 0.570, Zone = 7-24
Schwartz Raw: V_eq = 5.140 mL, R² = 0.9981, k = 0.000, Zone = 13-26
Schwartz Opt: V_eq = 5.166 mL, R² = 0.9985, k = 0.570, Zone = 7-24
pH shape: (35,)
=== END ANALYZER NESTED ===
Titration curve saved to /home/sgiani/repos/GranTED/results/34/titration_curve.png
Gran/Schwartz combined plot saved to /home/sgiani/repos/GranTED/results/34/gran_schwartz.png
Combined overview plot saved to /home/sgiani/repos/GranTED/results/34/plots.png
All visualizations saved to /home/sgiani/repos/GranTED/results/34
Generating CSV report...
Saved simple CSV report to /home/sgiani/repos/GranTED/results/34/report.csv
CSV report generated.
Generating PDF report...
Saved PDF report to /home/sgiani/repos/GranTED/results/34/report.pdf
PDF report generated.
Full report generated in /home/sgiani/repos/GranTED/results/34
Pipeline complete. Outputs in /home/sgiani/repos/GranTED/results/34
Processing triplet 35 → columns 103,104
Loaded '/home/sgiani/repos/GranTED/results/35/data.dat': 36 rows, skipped 45 header/comment/non-numeric lines.
Validation passed
Final config: {'V': 25.0, 'C_B': 0.1, 'titration_type': 'acid_base', 'r2_threshold': 0.95}
DEBUG preprocess: potential first 5: [110.6 107.  101.6  97.5  88.1]
Detected acid titration (negative slope). No flip.
Preprocessing complete: Arrays extracted, params merged, type auto-detected (if acid_base).
DEBUG df:     volume  potential
0   0.0000      110.6
1   0.0500      107.0
2   0.1000      101.6
3   0.1515       97.5
4   0.2805       88.1
5   0.4045       81.8
6   0.6285       72.6
7   0.8700       65.2
8   1.2180       56.8
9   1.6430       48.2
10  2.1100       40.5
11  2.6100       32.8
12  3.1100       24.8
13  3.6075       16.9
14  4.1075        7.4
15  4.4600       -1.0
16  4.7295       -9.1
17  4.9395      -17.4
18  5.0940      -24.8
19  5.2300      -34.1
20  5.3135      -41.6
21  5.3800      -49.5
22  5.4320      -57.4
23  5.4820      -67.8
24  5.5320      -80.6
25  5.5820      -96.1
26  5.6320     -123.5
27  5.6820     -172.9
28  5.7320     -196.3
29  5.7820     -207.1
30  5.8625     -217.2
31  5.9725     -225.8
32  6.1375     -234.6
33  6.3580     -241.9
34  6.7430     -250.7
35  7.2430     -258.5
DEBUG params: {'volume_array': array([0.    , 0.05  , 0.1   , 0.1515, 0.2805, 0.4045, 0.6285, 0.87  ,
       1.218 , 1.643 , 2.11  , 2.61  , 3.11  , 3.6075, 4.1075, 4.46  ,
       4.7295, 4.9395, 5.094 , 5.23  , 5.3135, 5.38  , 5.432 , 5.482 ,
       5.532 , 5.582 , 5.632 , 5.682 , 5.732 , 5.782 , 5.8625, 5.9725,
       6.1375, 6.358 , 6.743 , 7.243 ]), 'potential_array': array([ 110.6,  107. ,  101.6,   97.5,   88.1,   81.8,   72.6,   65.2,
         56.8,   48.2,   40.5,   32.8,   24.8,   16.9,    7.4,   -1. ,
         -9.1,  -17.4,  -24.8,  -34.1,  -41.6,  -49.5,  -57.4,  -67.8,
        -80.6,  -96.1, -123.5, -172.9, -196.3, -207.1, -217.2, -225.8,
       -234.6, -241.9, -250.7, -258.5]), 'V': 25.0, 'C_B': 0.1, 'titration_type': 'acid_base', 'r2_threshold': 0.95, 'is_base': False}
Computing Gran/Schwartz for type: acid_base
DEBUG gran_functions: potential first 5: [110.6 107.  101.6  97.5  88.1]
DEBUG gran_functions: pH first 5: [5.13049358 5.1913455  5.28262339 5.35192698 5.51081812]
Gran and Schwartz computed successfully.
Computing Gran/Schwartz for type: acid_base
DEBUG gran_functions: potential first 5: [110.6 107.  101.6  97.5  88.1]
DEBUG gran_functions: pH first 5: [5.13049358 5.1913455  5.28262339 5.35192698 5.51081812]
Gran and Schwartz computed successfully.
=== ANALYZER NESTED RESULTS ===
Gran Raw: V_eq = 5.628 mL, R² = 0.9971, k = 0.000, Zone = 13-27
Gran Opt: V_eq = 5.617 mL, R² = 0.9994, k = 1.173, Zone = 9-27
Schwartz Raw: V_eq = 5.628 mL, R² = 0.9971, k = 0.000, Zone = 13-27
Schwartz Opt: V_eq = 5.617 mL, R² = 0.9994, k = 1.173, Zone = 9-27
pH shape: (36,)
=== END ANALYZER NESTED ===
Titration curve saved to /home/sgiani/repos/GranTED/results/35/titration_curve.png
Gran/Schwartz combined plot saved to /home/sgiani/repos/GranTED/results/35/gran_schwartz.png
Combined overview plot saved to /home/sgiani/repos/GranTED/results/35/plots.png
All visualizations saved to /home/sgiani/repos/GranTED/results/35
Generating CSV report...
Saved simple CSV report to /home/sgiani/repos/GranTED/results/35/report.csv
CSV report generated.
Generating PDF report...
Saved PDF report to /home/sgiani/repos/GranTED/results/35/report.pdf
PDF report generated.
Full report generated in /home/sgiani/repos/GranTED/results/35
Pipeline complete. Outputs in /home/sgiani/repos/GranTED/results/35
Processing triplet 36 → columns 106,107
Loaded '/home/sgiani/repos/GranTED/results/36/data.dat': 35 rows, skipped 46 header/comment/non-numeric lines.
Validation passed
Final config: {'V': 25.0, 'C_B': 0.1, 'titration_type': 'acid_base', 'r2_threshold': 0.95}
DEBUG preprocess: potential first 5: [109.2 104.3 100.   91.7  84.1]
Detected acid titration (negative slope). No flip.
Preprocessing complete: Arrays extracted, params merged, type auto-detected (if acid_base).
DEBUG df:     volume  potential
0   0.0000      109.2
1   0.0500      104.3
2   0.1000      100.0
3   0.2070       91.7
4   0.3205       84.1
5   0.4600       76.8
6   0.6555       69.5
7   0.9580       60.8
8   1.3165       51.7
9   1.6725       45.2
10  2.1725       36.7
11  2.6710       27.5
12  3.0715       21.4
13  3.5715       11.2
14  3.8810        4.6
15  4.2405       -5.3
16  4.4615      -13.2
17  4.6345      -22.0
18  4.7465      -28.5
19  4.8680      -38.1
20  4.9415      -46.3
21  4.9920      -54.1
22  5.0420      -64.6
23  5.0920      -81.3
24  5.1420      -95.9
25  5.1920     -117.7
26  5.2420     -162.7
27  5.2920     -192.5
28  5.3420     -205.2
29  5.4155     -215.2
30  5.5270     -224.8
31  5.6705     -232.8
32  5.8955     -241.3
33  6.2100     -249.2
34  6.6860     -256.9
DEBUG params: {'volume_array': array([0.    , 0.05  , 0.1   , 0.207 , 0.3205, 0.46  , 0.6555, 0.958 ,
       1.3165, 1.6725, 2.1725, 2.671 , 3.0715, 3.5715, 3.881 , 4.2405,
       4.4615, 4.6345, 4.7465, 4.868 , 4.9415, 4.992 , 5.042 , 5.092 ,
       5.142 , 5.192 , 5.242 , 5.292 , 5.342 , 5.4155, 5.527 , 5.6705,
       5.8955, 6.21  , 6.686 ]), 'potential_array': array([ 109.2,  104.3,  100. ,   91.7,   84.1,   76.8,   69.5,   60.8,
         51.7,   45.2,   36.7,   27.5,   21.4,   11.2,    4.6,   -5.3,
        -13.2,  -22. ,  -28.5,  -38.1,  -46.3,  -54.1,  -64.6,  -81.3,
        -95.9, -117.7, -162.7, -192.5, -205.2, -215.2, -224.8, -232.8,
       -241.3, -249.2, -256.9]), 'V': 25.0, 'C_B': 0.1, 'titration_type': 'acid_base', 'r2_threshold': 0.95, 'is_base': False}
Computing Gran/Schwartz for type: acid_base
DEBUG gran_functions: potential first 5: [109.2 104.3 100.   91.7  84.1]
DEBUG gran_functions: pH first 5: [5.15415822 5.23698445 5.3096687  5.44996619 5.57843137]
Gran and Schwartz computed successfully.
Computing Gran/Schwartz for type: acid_base
DEBUG gran_functions: potential first 5: [109.2 104.3 100.   91.7  84.1]
DEBUG gran_functions: pH first 5: [5.15415822 5.23698445 5.3096687  5.44996619 5.57843137]
Gran and Schwartz computed successfully.
=== ANALYZER NESTED RESULTS ===
Gran Raw: V_eq = 5.192 mL, R² = 0.9973, k = 0.000, Zone = 12-25
Gran Opt: V_eq = 5.165 mL, R² = 0.9986, k = 1.342, Zone = 9-26
Schwartz Raw: V_eq = 5.192 mL, R² = 0.9973, k = 0.000, Zone = 12-25
Schwartz Opt: V_eq = 5.165 mL, R² = 0.9986, k = 1.342, Zone = 9-26
pH shape: (35,)
=== END ANALYZER NESTED ===
Titration curve saved to /home/sgiani/repos/GranTED/results/36/titration_curve.png
Gran/Schwartz combined plot saved to /home/sgiani/repos/GranTED/results/36/gran_schwartz.png
Combined overview plot saved to /home/sgiani/repos/GranTED/results/36/plots.png
All visualizations saved to /home/sgiani/repos/GranTED/results/36
Generating CSV report...
Saved simple CSV report to /home/sgiani/repos/GranTED/results/36/report.csv
CSV report generated.
Generating PDF report...
Saved PDF report to /home/sgiani/repos/GranTED/results/36/report.pdf
PDF report generated.
Full report generated in /home/sgiani/repos/GranTED/results/36
Pipeline complete. Outputs in /home/sgiani/repos/GranTED/results/36
Processing triplet 37 → columns 109,110
Loaded '/home/sgiani/repos/GranTED/results/37/data.dat': 35 rows, skipped 46 header/comment/non-numeric lines.
Validation passed
Final config: {'V': 25.0, 'C_B': 0.1, 'titration_type': 'acid_base', 'r2_threshold': 0.95}
DEBUG preprocess: potential first 5: [111.6 106.7 102.   94.7  87. ]
Detected acid titration (negative slope). No flip.
Preprocessing complete: Arrays extracted, params merged, type auto-detected (if acid_base).
DEBUG df:     volume  potential
0   0.0000      111.6
1   0.0500      106.7
2   0.1000      102.0
3   0.1895       94.7
4   0.3025       87.0
5   0.4425       80.0
6   0.6570       71.8
7   0.9355       63.3
8   1.2600       55.6
9   1.6985       47.8
10  2.1985       39.2
11  2.6835       31.0
12  3.1745       23.5
13  3.6745       14.8
14  4.0995        5.7
15  4.4015       -1.5
16  4.7020      -11.1
17  4.8870      -18.7
18  5.0400      -27.3
19  5.1445      -34.6
20  5.2350      -43.5
21  5.2935      -51.0
22  5.3435      -59.4
23  5.3935      -70.1
24  5.4435      -83.4
25  5.4935      -99.8
26  5.5435     -130.7
27  5.5935     -178.9
28  5.6435     -199.1
29  5.6935     -208.4
30  5.7880     -219.7
31  5.8910     -227.1
32  6.0770     -236.0
33  6.3265     -243.9
34  6.7150     -252.1
DEBUG params: {'volume_array': array([0.    , 0.05  , 0.1   , 0.1895, 0.3025, 0.4425, 0.657 , 0.9355,
       1.26  , 1.6985, 2.1985, 2.6835, 3.1745, 3.6745, 4.0995, 4.4015,
       4.702 , 4.887 , 5.04  , 5.1445, 5.235 , 5.2935, 5.3435, 5.3935,
       5.4435, 5.4935, 5.5435, 5.5935, 5.6435, 5.6935, 5.788 , 5.891 ,
       6.077 , 6.3265, 6.715 ]), 'potential_array': array([ 111.6,  106.7,  102. ,   94.7,   87. ,   80. ,   71.8,   63.3,
         55.6,   47.8,   39.2,   31. ,   23.5,   14.8,    5.7,   -1.5,
        -11.1,  -18.7,  -27.3,  -34.6,  -43.5,  -51. ,  -59.4,  -70.1,
        -83.4,  -99.8, -130.7, -178.9, -199.1, -208.4, -219.7, -227.1,
       -236. , -243.9, -252.1]), 'V': 25.0, 'C_B': 0.1, 'titration_type': 'acid_base', 'r2_threshold': 0.95, 'is_base': False}
Computing Gran/Schwartz for type: acid_base
DEBUG gran_functions: potential first 5: [111.6 106.7 102.   94.7  87. ]
DEBUG gran_functions: pH first 5: [5.11359026 5.1964165  5.27586207 5.39925625 5.52941176]
Gran and Schwartz computed successfully.
Computing Gran/Schwartz for type: acid_base
DEBUG gran_functions: potential first 5: [111.6 106.7 102.   94.7  87. ]
DEBUG gran_functions: pH first 5: [5.11359026 5.1964165  5.27586207 5.39925625 5.52941176]
Gran and Schwartz computed successfully.
=== ANALYZER NESTED RESULTS ===
Gran Raw: V_eq = 5.517 mL, R² = 0.9982, k = 0.000, Zone = 13-26
Gran Opt: V_eq = 5.507 mL, R² = 0.9993, k = 1.020, Zone = 9-26
Schwartz Raw: V_eq = 5.517 mL, R² = 0.9982, k = 0.000, Zone = 13-26
Schwartz Opt: V_eq = 5.507 mL, R² = 0.9993, k = 1.020, Zone = 9-26
pH shape: (35,)
=== END ANALYZER NESTED ===
Titration curve saved to /home/sgiani/repos/GranTED/results/37/titration_curve.png
Gran/Schwartz combined plot saved to /home/sgiani/repos/GranTED/results/37/gran_schwartz.png
Combined overview plot saved to /home/sgiani/repos/GranTED/results/37/plots.png
All visualizations saved to /home/sgiani/repos/GranTED/results/37
Generating CSV report...
Saved simple CSV report to /home/sgiani/repos/GranTED/results/37/report.csv
CSV report generated.
Generating PDF report...
Saved PDF report to /home/sgiani/repos/GranTED/results/37/report.pdf
PDF report generated.
Full report generated in /home/sgiani/repos/GranTED/results/37
Pipeline complete. Outputs in /home/sgiani/repos/GranTED/results/37
Processing triplet 38 → columns 112,113
Loaded '/home/sgiani/repos/GranTED/results/38/data.dat': 35 rows, skipped 46 header/comment/non-numeric lines.
Validation passed
Final config: {'V': 25.0, 'C_B': 0.1, 'titration_type': 'acid_base', 'r2_threshold': 0.95}
DEBUG preprocess: potential first 5: [110.4 106.  100.7  95.4  86.5]
Detected acid titration (negative slope). No flip.
Preprocessing complete: Arrays extracted, params merged, type auto-detected (if acid_base).
DEBUG df:     volume  potential
0   0.0000      110.4
1   0.0500      106.0
2   0.1000      100.7
3   0.1650       95.4
4   0.2910       86.5
5   0.4225       80.0
6   0.6485       70.9
7   0.8980       62.6
8   1.1825       55.4
9   1.6070       47.3
10  2.1070       38.4
11  2.5930       29.7
12  3.0410       21.7
13  3.4810       13.2
14  3.8690        4.1
15  4.1515       -2.7
16  4.4705      -14.0
17  4.6255      -21.7
18  4.7375      -29.3
19  4.8265      -36.6
20  4.9055      -44.8
21  4.9675      -53.2
22  5.0175      -63.6
23  5.0675      -75.6
24  5.1175      -91.6
25  5.1675     -110.5
26  5.2175     -161.1
27  5.2675     -192.3
28  5.3175     -205.1
29  5.3935     -215.8
30  5.4965     -224.6
31  5.6520     -233.3
32  5.8710     -241.3
33  6.2075     -249.7
34  6.6695     -257.4
DEBUG params: {'volume_array': array([0.    , 0.05  , 0.1   , 0.165 , 0.291 , 0.4225, 0.6485, 0.898 ,
       1.1825, 1.607 , 2.107 , 2.593 , 3.041 , 3.481 , 3.869 , 4.1515,
       4.4705, 4.6255, 4.7375, 4.8265, 4.9055, 4.9675, 5.0175, 5.0675,
       5.1175, 5.1675, 5.2175, 5.2675, 5.3175, 5.3935, 5.4965, 5.652 ,
       5.871 , 6.2075, 6.6695]), 'potential_array': array([ 110.4,  106. ,  100.7,   95.4,   86.5,   80. ,   70.9,   62.6,
         55.4,   47.3,   38.4,   29.7,   21.7,   13.2,    4.1,   -2.7,
        -14. ,  -21.7,  -29.3,  -36.6,  -44.8,  -53.2,  -63.6,  -75.6,
        -91.6, -110.5, -161.1, -192.3, -205.1, -215.8, -224.6, -233.3,
       -241.3, -249.7, -257.4]), 'V': 25.0, 'C_B': 0.1, 'titration_type': 'acid_base', 'r2_threshold': 0.95, 'is_base': False}
Computing Gran/Schwartz for type: acid_base
DEBUG gran_functions: potential first 5: [110.4 106.  100.7  95.4  86.5]
DEBUG gran_functions: pH first 5: [5.13387424 5.20824882 5.29783638 5.38742394 5.53786342]
Gran and Schwartz computed successfully.
Computing Gran/Schwartz for type: acid_base
DEBUG gran_functions: potential first 5: [110.4 106.  100.7  95.4  86.5]
DEBUG gran_functions: pH first 5: [5.13387424 5.20824882 5.29783638 5.38742394 5.53786342]
Gran and Schwartz computed successfully.
=== ANALYZER NESTED RESULTS ===
Gran Raw: V_eq = 5.181 mL, R² = 0.9969, k = 0.000, Zone = 12-26
Gran Opt: V_eq = 5.141 mL, R² = 0.9985, k = 1.171, Zone = 9-26
Schwartz Raw: V_eq = 5.181 mL, R² = 0.9969, k = 0.000, Zone = 12-26
Schwartz Opt: V_eq = 5.141 mL, R² = 0.9985, k = 1.171, Zone = 9-26
pH shape: (35,)
=== END ANALYZER NESTED ===
Titration curve saved to /home/sgiani/repos/GranTED/results/38/titration_curve.png
Gran/Schwartz combined plot saved to /home/sgiani/repos/GranTED/results/38/gran_schwartz.png
Combined overview plot saved to /home/sgiani/repos/GranTED/results/38/plots.png
All visualizations saved to /home/sgiani/repos/GranTED/results/38
Generating CSV report...
Saved simple CSV report to /home/sgiani/repos/GranTED/results/38/report.csv
CSV report generated.
Generating PDF report...
Saved PDF report to /home/sgiani/repos/GranTED/results/38/report.pdf
PDF report generated.
Full report generated in /home/sgiani/repos/GranTED/results/38
Pipeline complete. Outputs in /home/sgiani/repos/GranTED/results/38
Processing triplet 39 → columns 115,116
Loaded '/home/sgiani/repos/GranTED/results/39/data.dat': 37 rows, skipped 44 header/comment/non-numeric lines.
Validation passed
Final config: {'V': 25.0, 'C_B': 0.1, 'titration_type': 'acid_base', 'r2_threshold': 0.95}
DEBUG preprocess: potential first 5: [-209.1 -191.  -183.8 -180.5 -171.1]
Detected base titration (positive slope). Flipping sign and setting type.
Preprocessing complete: Arrays extracted, params merged, type auto-detected (if acid_base).
DEBUG df:     volume  potential
0    0.000      209.1
1    0.571      191.0
2    0.857      183.8
3    1.000      180.5
4    1.500      171.1
5    2.000      163.1
6    2.500      156.1
7    3.000      149.5
8    3.500      143.3
9    4.000      137.1
10   4.500      131.0
11   5.000      124.6
12   5.500      117.7
13   6.000      109.9
14   6.500      100.8
15   7.000       88.6
16   7.484       70.0
17   7.682       56.7
18   7.784       46.6
19   7.866       34.6
20   7.922       21.1
21   7.952       10.0
22   7.972       -1.2
23   7.986      -11.9
24   7.998      -24.0
25   8.007      -36.4
26   8.014      -53.0
27   8.020      -60.0
28   8.024      -68.6
29   8.030      -77.8
30   8.041      -93.2
31   8.050     -103.1
32   8.064     -114.0
33   8.086     -130.0
34   8.116     -144.0
35   8.157     -156.0
36   8.206     -164.0
DEBUG params: {'volume_array': array([0.   , 0.571, 0.857, 1.   , 1.5  , 2.   , 2.5  , 3.   , 3.5  ,
       4.   , 4.5  , 5.   , 5.5  , 6.   , 6.5  , 7.   , 7.484, 7.682,
       7.784, 7.866, 7.922, 7.952, 7.972, 7.986, 7.998, 8.007, 8.014,
       8.02 , 8.024, 8.03 , 8.041, 8.05 , 8.064, 8.086, 8.116, 8.157,
       8.206]), 'potential_array': array([ 209.1,  191. ,  183.8,  180.5,  171.1,  163.1,  156.1,  149.5,
        143.3,  137.1,  131. ,  124.6,  117.7,  109.9,  100.8,   88.6,
         70. ,   56.7,   46.6,   34.6,   21.1,   10. ,   -1.2,  -11.9,
        -24. ,  -36.4,  -53. ,  -60. ,  -68.6,  -77.8,  -93.2, -103.1,
       -114. , -130. , -144. , -156. , -164. ]), 'V': 25.0, 'C_B': 0.1, 'titration_type': 'acid_base', 'r2_threshold': 0.95}
Computing Gran/Schwartz for type: acid_base
DEBUG gran_functions: potential first 5: [209.1 191.  183.8 180.5 171.1]
DEBUG gran_functions: pH first 5: [3.46551724 3.77146721 3.89317106 3.94895199 4.10784314]
Gran and Schwartz computed successfully.
Computing Gran/Schwartz for type: acid_base
DEBUG gran_functions: potential first 5: [209.1 191.  183.8 180.5 171.1]
DEBUG gran_functions: pH first 5: [3.46551724 3.77146721 3.89317106 3.94895199 4.10784314]
Gran and Schwartz computed successfully.
=== ANALYZER NESTED RESULTS ===
Gran Raw: V_eq = 8.014 mL, R² = 0.9999, k = 0.000, Zone = 12-28
Gran Opt: V_eq = 8.010 mL, R² = 1.0000, k = 0.393, Zone = 6-23
Schwartz Raw: V_eq = 8.014 mL, R² = 0.9999, k = 0.000, Zone = 12-28
Schwartz Opt: V_eq = 8.010 mL, R² = 1.0000, k = 0.393, Zone = 6-23
pH shape: (37,)
=== END ANALYZER NESTED ===
Titration curve saved to /home/sgiani/repos/GranTED/results/39/titration_curve.png
Gran/Schwartz combined plot saved to /home/sgiani/repos/GranTED/results/39/gran_schwartz.png
Combined overview plot saved to /home/sgiani/repos/GranTED/results/39/plots.png
All visualizations saved to /home/sgiani/repos/GranTED/results/39
Generating CSV report...
Saved simple CSV report to /home/sgiani/repos/GranTED/results/39/report.csv
CSV report generated.
Generating PDF report...
Saved PDF report to /home/sgiani/repos/GranTED/results/39/report.pdf
PDF report generated.
Full report generated in /home/sgiani/repos/GranTED/results/39
Pipeline complete. Outputs in /home/sgiani/repos/GranTED/results/39
Processing triplet 40 → columns 118,119
Loaded '/home/sgiani/repos/GranTED/results/40/data.dat': 24 rows, skipped 57 header/comment/non-numeric lines.
Validation passed
Final config: {'V': 25.0, 'C_B': 0.1, 'titration_type': 'acid_base', 'r2_threshold': 0.95}
DEBUG preprocess: potential first 5: [-34.  -30.7 -25.8 -22.5 -15.1]
Detected base titration (positive slope). Flipping sign and setting type.
Preprocessing complete: Arrays extracted, params merged, type auto-detected (if acid_base).
DEBUG df:     volume  potential
0   17.000       34.0
1   17.200       30.7
2   17.400       25.8
3   17.555       22.5
4   17.755       15.1
5   17.850       11.5
6   17.975        5.5
7   18.062        1.4
8   18.167       -4.8
9   18.238       -9.2
10  18.312      -15.1
11  18.364      -19.6
12  18.417      -24.8
13  18.462      -29.9
14  18.500      -35.8
15  18.525      -40.2
16  18.549      -44.7
17  18.575      -51.4
18  18.595      -57.3
19  18.615      -64.8
20  18.635      -75.2
21  18.655      -90.4
22  18.695     -134.5
23  18.715     -151.3
DEBUG params: {'volume_array': array([17.   , 17.2  , 17.4  , 17.555, 17.755, 17.85 , 17.975, 18.062,
       18.167, 18.238, 18.312, 18.364, 18.417, 18.462, 18.5  , 18.525,
       18.549, 18.575, 18.595, 18.615, 18.635, 18.655, 18.695, 18.715]), 'potential_array': array([  34. ,   30.7,   25.8,   22.5,   15.1,   11.5,    5.5,    1.4,
         -4.8,   -9.2,  -15.1,  -19.6,  -24.8,  -29.9,  -35.8,  -40.2,
        -44.7,  -51.4,  -57.3,  -64.8,  -75.2,  -90.4, -134.5, -151.3]), 'V': 25.0, 'C_B': 0.1, 'titration_type': 'acid_base', 'r2_threshold': 0.95}
Computing Gran/Schwartz for type: acid_base
DEBUG gran_functions: potential first 5: [34.  30.7 25.8 22.5 15.1]
DEBUG gran_functions: pH first 5: [6.42528736 6.48106829 6.56389452 6.61967546 6.74475997]
Gran and Schwartz computed successfully.
Computing Gran/Schwartz for type: acid_base
DEBUG gran_functions: potential first 5: [34.  30.7 25.8 22.5 15.1]
DEBUG gran_functions: pH first 5: [6.42528736 6.48106829 6.56389452 6.61967546 6.74475997]
Gran and Schwartz computed successfully.
=== ANALYZER NESTED RESULTS ===
Gran Raw: V_eq = 18.659 mL, R² = 0.9980, k = 0.000, Zone = 8-20
Gran Opt: V_eq = 18.659 mL, R² = 0.9980, k = 0.000, Zone = 8-20
Schwartz Raw: V_eq = 18.659 mL, R² = 0.9980, k = 0.000, Zone = 8-20
Schwartz Opt: V_eq = 18.659 mL, R² = 0.9980, k = 0.000, Zone = 8-20
pH shape: (24,)
=== END ANALYZER NESTED ===
Titration curve saved to /home/sgiani/repos/GranTED/results/40/titration_curve.png
Gran/Schwartz combined plot saved to /home/sgiani/repos/GranTED/results/40/gran_schwartz.png
Combined overview plot saved to /home/sgiani/repos/GranTED/results/40/plots.png
All visualizations saved to /home/sgiani/repos/GranTED/results/40
Generating CSV report...
Saved simple CSV report to /home/sgiani/repos/GranTED/results/40/report.csv
CSV report generated.
Generating PDF report...
Saved PDF report to /home/sgiani/repos/GranTED/results/40/report.pdf
PDF report generated.
Full report generated in /home/sgiani/repos/GranTED/results/40
Pipeline complete. Outputs in /home/sgiani/repos/GranTED/results/40
Processing triplet 41 → columns 121,122
Loaded '/home/sgiani/repos/GranTED/results/41/data.dat': 16 rows, skipped 65 header/comment/non-numeric lines.
Validation passed
Final config: {'V': 25.0, 'C_B': 0.1, 'titration_type': 'acid_base', 'r2_threshold': 0.95}
DEBUG preprocess: potential first 5: [29.3 27.7 26.2 23.7 24. ]
Detected acid titration (negative slope). No flip.
Preprocessing complete: Arrays extracted, params merged, type auto-detected (if acid_base).
DEBUG df:     volume  potential
0    0.000       29.3
1    0.020       27.7
2    0.040       26.2
3    0.080       23.7
4    0.160       24.0
5    0.251        8.6
6    0.315       -0.4
7    0.358       -9.0
8    0.389      -18.0
9    0.409      -25.3
10   0.429      -36.6
11   0.449      -52.4
12   0.469      -75.2
13   0.489     -116.1
14   0.520     -173.7
15   0.549     -181.6
DEBUG params: {'volume_array': array([0.   , 0.02 , 0.04 , 0.08 , 0.16 , 0.251, 0.315, 0.358, 0.389,
       0.409, 0.429, 0.449, 0.469, 0.489, 0.52 , 0.549]), 'potential_array': array([  29.3,   27.7,   26.2,   23.7,   24. ,    8.6,   -0.4,   -9. ,
        -18. ,  -25.3,  -36.6,  -52.4,  -75.2, -116.1, -173.7, -181.6]), 'V': 25.0, 'C_B': 0.1, 'titration_type': 'acid_base', 'r2_threshold': 0.95, 'is_base': False}
Computing Gran/Schwartz for type: acid_base
DEBUG gran_functions: potential first 5: [29.3 27.7 26.2 23.7 24. ]
DEBUG gran_functions: pH first 5: [6.50473293 6.53177823 6.5571332  6.59939148 6.59432049]
Gran and Schwartz computed successfully.
Computing Gran/Schwartz for type: acid_base
DEBUG gran_functions: potential first 5: [29.3 27.7 26.2 23.7 24. ]
DEBUG gran_functions: pH first 5: [6.50473293 6.53177823 6.5571332  6.59939148 6.59432049]
Gran and Schwartz computed successfully.
=== ANALYZER NESTED RESULTS ===
Gran Raw: V_eq = 0.479 mL, R² = 0.9975, k = 0.000, Zone = 7-12
Gran Opt: V_eq = 0.478 mL, R² = 0.9978, k = 0.083, Zone = 7-12
Schwartz Raw: V_eq = 0.479 mL, R² = 0.9975, k = 0.000, Zone = 7-12
Schwartz Opt: V_eq = 0.478 mL, R² = 0.9978, k = 0.083, Zone = 7-12
pH shape: (16,)
=== END ANALYZER NESTED ===
Titration curve saved to /home/sgiani/repos/GranTED/results/41/titration_curve.png
Gran/Schwartz combined plot saved to /home/sgiani/repos/GranTED/results/41/gran_schwartz.png
Combined overview plot saved to /home/sgiani/repos/GranTED/results/41/plots.png
All visualizations saved to /home/sgiani/repos/GranTED/results/41
Generating CSV report...
Saved simple CSV report to /home/sgiani/repos/GranTED/results/41/report.csv
CSV report generated.
Generating PDF report...
Saved PDF report to /home/sgiani/repos/GranTED/results/41/report.pdf
PDF report generated.
Full report generated in /home/sgiani/repos/GranTED/results/41
Pipeline complete. Outputs in /home/sgiani/repos/GranTED/results/41
Processing triplet 42 → columns 124,125
Loaded '/home/sgiani/repos/GranTED/results/42/data.dat': 39 rows, skipped 42 header/comment/non-numeric lines.
Validation passed
Final config: {'V': 25.0, 'C_B': 0.1, 'titration_type': 'acid_base', 'r2_threshold': 0.95}
DEBUG preprocess: potential first 5: [-56.   -4.4  13.   34.3  51.8]
Detected base titration (positive slope). Flipping sign and setting type.
Preprocessing complete: Arrays extracted, params merged, type auto-detected (if acid_base).
DEBUG df:     volume  potential
0    0.000       56.0
1    0.020        4.4
2    0.040      -13.0
3    0.094      -34.3
4    0.184      -51.8
5    0.351      -69.1
6    0.551      -81.6
7    0.751      -90.6
8    0.951      -97.9
9    1.151     -104.1
10   1.351     -109.5
11   1.551     -114.4
12   1.751     -118.9
13   1.951     -123.2
14   2.151     -127.4
15   2.351     -131.3
16   2.551     -135.3
17   2.751     -139.2
18   2.951     -143.2
19   3.151     -147.3
20   3.351     -151.4
21   3.551     -155.8
22   3.751     -160.5
23   3.951     -165.6
24   4.151     -171.3
25   4.351     -177.7
26   4.551     -185.1
27   4.751     -193.6
28   4.928     -202.4
29   5.066     -210.3
30   5.187     -217.1
31   5.332     -224.4
32   5.510     -232.4
33   5.709     -239.6
34   5.909     -245.5
35   6.109     -250.6
36   6.309     -254.7
37   6.509     -258.3
38   6.709     -261.3
DEBUG params: {'volume_array': array([0.   , 0.02 , 0.04 , 0.094, 0.184, 0.351, 0.551, 0.751, 0.951,
       1.151, 1.351, 1.551, 1.751, 1.951, 2.151, 2.351, 2.551, 2.751,
       2.951, 3.151, 3.351, 3.551, 3.751, 3.951, 4.151, 4.351, 4.551,
       4.751, 4.928, 5.066, 5.187, 5.332, 5.51 , 5.709, 5.909, 6.109,
       6.309, 6.509, 6.709]), 'potential_array': array([  56. ,    4.4,  -13. ,  -34.3,  -51.8,  -69.1,  -81.6,  -90.6,
        -97.9, -104.1, -109.5, -114.4, -118.9, -123.2, -127.4, -131.3,
       -135.3, -139.2, -143.2, -147.3, -151.4, -155.8, -160.5, -165.6,
       -171.3, -177.7, -185.1, -193.6, -202.4, -210.3, -217.1, -224.4,
       -232.4, -239.6, -245.5, -250.6, -254.7, -258.3, -261.3]), 'V': 25.0, 'C_B': 0.1, 'titration_type': 'acid_base', 'r2_threshold': 0.95}
Computing Gran/Schwartz for type: acid_base
DEBUG gran_functions: potential first 5: [ 56.    4.4 -13.  -34.3 -51.8]
DEBUG gran_functions: pH first 5: [6.05341447 6.92562542 7.21974307 7.57978364 7.87559162]
Gran and Schwartz computed successfully.
Computing Gran/Schwartz for type: acid_base
DEBUG gran_functions: potential first 5: [ 56.    4.4 -13.  -34.3 -51.8]
DEBUG gran_functions: pH first 5: [6.05341447 6.92562542 7.21974307 7.57978364 7.87559162]
Gran and Schwartz computed successfully.
=== ANALYZER NESTED RESULTS ===
Gran Raw: V_eq = 5.229 mL, R² = 1.0000, k = 0.000, Zone = 8-25
Gran Opt: V_eq = 5.229 mL, R² = 1.0000, k = 0.002, Zone = 8-26
Schwartz Raw: V_eq = 5.229 mL, R² = 1.0000, k = 0.000, Zone = 8-25
Schwartz Opt: V_eq = 5.229 mL, R² = 1.0000, k = 0.002, Zone = 8-26
pH shape: (39,)
=== END ANALYZER NESTED ===
Titration curve saved to /home/sgiani/repos/GranTED/results/42/titration_curve.png
Gran/Schwartz combined plot saved to /home/sgiani/repos/GranTED/results/42/gran_schwartz.png
Combined overview plot saved to /home/sgiani/repos/GranTED/results/42/plots.png
All visualizations saved to /home/sgiani/repos/GranTED/results/42
Generating CSV report...
Saved simple CSV report to /home/sgiani/repos/GranTED/results/42/report.csv
CSV report generated.
Generating PDF report...
Saved PDF report to /home/sgiani/repos/GranTED/results/42/report.pdf
PDF report generated.
Full report generated in /home/sgiani/repos/GranTED/results/42
Pipeline complete. Outputs in /home/sgiani/repos/GranTED/results/42
Processing triplet 43 → columns 127,128
Loaded '/home/sgiani/repos/GranTED/results/43/data.dat': 16 rows, skipped 65 header/comment/non-numeric lines.
Validation passed
Final config: {'V': 25.0, 'C_B': 0.1, 'titration_type': 'acid_base', 'r2_threshold': 0.95}
DEBUG preprocess: potential first 5: [307.2 301.3 293.6 284.7 276.1]
Detected acid titration (negative slope). No flip.
Preprocessing complete: Arrays extracted, params merged, type auto-detected (if acid_base).
DEBUG df:     volume  potential
0   13.000      307.2
1   13.200      301.3
2   13.400      293.6
3   13.564      284.7
4   13.679      276.1
5   13.762      267.0
6   13.817      258.5
7   13.857      250.0
8   13.886      241.3
9   13.906      234.3
10  13.926      222.5
11  13.946      205.3
12  13.966      162.8
13  13.986       87.1
14  14.026     -156.4
15  14.046     -167.6
DEBUG params: {'volume_array': array([13.   , 13.2  , 13.4  , 13.564, 13.679, 13.762, 13.817, 13.857,
       13.886, 13.906, 13.926, 13.946, 13.966, 13.986, 14.026, 14.046]), 'potential_array': array([ 307.2,  301.3,  293.6,  284.7,  276.1,  267. ,  258.5,  250. ,
        241.3,  234.3,  222.5,  205.3,  162.8,   87.1, -156.4, -167.6]), 'V': 25.0, 'C_B': 0.1, 'titration_type': 'acid_base', 'r2_threshold': 0.95, 'is_base': False}
Computing Gran/Schwartz for type: acid_base
DEBUG gran_functions: potential first 5: [307.2 301.3 293.6 284.7 276.1]
DEBUG gran_functions: pH first 5: [1.80730223 1.90703178 2.03718729 2.18762677 2.33299527]
Gran and Schwartz computed successfully.
Computing Gran/Schwartz for type: acid_base
DEBUG gran_functions: potential first 5: [307.2 301.3 293.6 284.7 276.1]
DEBUG gran_functions: pH first 5: [1.80730223 1.90703178 2.03718729 2.18762677 2.33299527]
Gran and Schwartz computed successfully.
=== ANALYZER NESTED RESULTS ===
Gran Raw: V_eq = 13.963 mL, R² = 0.9999, k = 0.000, Zone = 3-10
Gran Opt: V_eq = 13.974 mL, R² = 0.9972, k = 995172156.991, Zone = 0-14
Schwartz Raw: V_eq = 13.963 mL, R² = 0.9999, k = 0.000, Zone = 3-10
Schwartz Opt: V_eq = 13.974 mL, R² = 0.9972, k = 995172156.991, Zone = 0-14
pH shape: (16,)
=== END ANALYZER NESTED ===
Titration curve saved to /home/sgiani/repos/GranTED/results/43/titration_curve.png
Gran/Schwartz combined plot saved to /home/sgiani/repos/GranTED/results/43/gran_schwartz.png
Combined overview plot saved to /home/sgiani/repos/GranTED/results/43/plots.png
All visualizations saved to /home/sgiani/repos/GranTED/results/43
Generating CSV report...
Saved simple CSV report to /home/sgiani/repos/GranTED/results/43/report.csv
CSV report generated.
Generating PDF report...
Saved PDF report to /home/sgiani/repos/GranTED/results/43/report.pdf
PDF report generated.
Full report generated in /home/sgiani/repos/GranTED/results/43
Pipeline complete. Outputs in /home/sgiani/repos/GranTED/results/43
Processing triplet 44 → columns 130,131
Loaded '/home/sgiani/repos/GranTED/results/44/data.dat': 18 rows, skipped 63 header/comment/non-numeric lines.
Validation passed
Final config: {'V': 25.0, 'C_B': 0.1, 'titration_type': 'acid_base', 'r2_threshold': 0.95}
DEBUG preprocess: potential first 5: [ 78.7  86.8  94.3 102.5 111.4]
Detected base titration (positive slope). Flipping sign and setting type.
Preprocessing complete: Arrays extracted, params merged, type auto-detected (if acid_base).
DEBUG df:     volume  potential
0   17.470      -78.7
1   17.970      -86.8
2   18.325      -94.3
3   18.631     -102.5
4   18.874     -111.4
5   19.049     -120.2
6   19.173     -128.5
7   19.268     -137.0
8   19.339     -145.5
9   19.392     -153.2
10  19.438     -160.2
11  19.529     -175.8
12  19.576     -183.2
13  19.632     -190.9
14  19.699     -198.0
15  19.807     -206.9
16  19.939     -215.2
17  20.000     -218.4
DEBUG params: {'volume_array': array([17.47 , 17.97 , 18.325, 18.631, 18.874, 19.049, 19.173, 19.268,
       19.339, 19.392, 19.438, 19.529, 19.576, 19.632, 19.699, 19.807,
       19.939, 20.   ]), 'potential_array': array([ -78.7,  -86.8,  -94.3, -102.5, -111.4, -120.2, -128.5, -137. ,
       -145.5, -153.2, -160.2, -175.8, -183.2, -190.9, -198. , -206.9,
       -215.2, -218.4]), 'V': 25.0, 'C_B': 0.1, 'titration_type': 'acid_base', 'r2_threshold': 0.95}
Computing Gran/Schwartz for type: acid_base
DEBUG gran_functions: potential first 5: [ -78.7  -86.8  -94.3 -102.5 -111.4]
DEBUG gran_functions: pH first 5: [8.33029074 8.46720757 8.59398242 8.73258959 8.88302907]
Gran and Schwartz computed successfully.
Computing Gran/Schwartz for type: acid_base
DEBUG gran_functions: potential first 5: [ -78.7  -86.8  -94.3 -102.5 -111.4]
DEBUG gran_functions: pH first 5: [8.33029074 8.46720757 8.59398242 8.73258959 8.88302907]
Gran and Schwartz computed successfully.
=== ANALYZER NESTED RESULTS ===
Gran Raw: V_eq = 19.500 mL, R² = 0.9998, k = 0.000, Zone = 0-9
Gran Opt: V_eq = 19.500 mL, R² = 0.9998, k = 0.000, Zone = 0-9
Schwartz Raw: V_eq = 19.500 mL, R² = 0.9998, k = 0.000, Zone = 0-9
Schwartz Opt: V_eq = 19.500 mL, R² = 0.9998, k = 0.000, Zone = 0-9
pH shape: (18,)
=== END ANALYZER NESTED ===
Titration curve saved to /home/sgiani/repos/GranTED/results/44/titration_curve.png
Gran/Schwartz combined plot saved to /home/sgiani/repos/GranTED/results/44/gran_schwartz.png
Combined overview plot saved to /home/sgiani/repos/GranTED/results/44/plots.png
All visualizations saved to /home/sgiani/repos/GranTED/results/44
Generating CSV report...
Saved simple CSV report to /home/sgiani/repos/GranTED/results/44/report.csv
CSV report generated.
Generating PDF report...
Saved PDF report to /home/sgiani/repos/GranTED/results/44/report.pdf
PDF report generated.
Full report generated in /home/sgiani/repos/GranTED/results/44
Pipeline complete. Outputs in /home/sgiani/repos/GranTED/results/44
Processing triplet 45 → columns 133,134
Loaded '/home/sgiani/repos/GranTED/results/45/data.dat': 28 rows, skipped 53 header/comment/non-numeric lines.
Validation passed
Final config: {'V': 25.0, 'C_B': 0.1, 'titration_type': 'acid_base', 'r2_threshold': 0.95}
DEBUG preprocess: potential first 5: [41.1 37.2 30.6 28.  21.6]
Detected acid titration (negative slope). No flip.
Preprocessing complete: Arrays extracted, params merged, type auto-detected (if acid_base).
DEBUG df:     volume  potential
0   0.0000       41.1
1   0.0500       37.2
2   0.1000       30.6
3   0.1500       28.0
4   0.2750       21.6
5   0.4370       13.8
6   0.6110        9.2
7   1.0460        0.1
8   1.5335       -4.7
9   2.0335      -12.1
10  2.5335      -17.6
11  3.0335      -22.8
12  3.5335      -29.7
13  4.0335      -38.4
14  4.4570      -49.5
15  4.6620      -58.1
16  4.7795      -64.2
17  4.9035      -79.6
18  4.9535      -87.1
19  5.0035     -112.6
20  5.0535     -172.5
21  5.1035     -187.3
22  5.2120     -200.4
23  5.3760     -208.4
24  5.7805     -218.2
25  6.2805     -223.6
26  6.7805     -227.1
27  7.2805     -229.6
DEBUG params: {'volume_array': array([0.    , 0.05  , 0.1   , 0.15  , 0.275 , 0.437 , 0.611 , 1.046 ,
       1.5335, 2.0335, 2.5335, 3.0335, 3.5335, 4.0335, 4.457 , 4.662 ,
       4.7795, 4.9035, 4.9535, 5.0035, 5.0535, 5.1035, 5.212 , 5.376 ,
       5.7805, 6.2805, 6.7805, 7.2805]), 'potential_array': array([ 4.110e+01,  3.720e+01,  3.060e+01,  2.800e+01,  2.160e+01,
        1.380e+01,  9.200e+00,  1.000e-01, -4.700e+00, -1.210e+01,
       -1.760e+01, -2.280e+01, -2.970e+01, -3.840e+01, -4.950e+01,
       -5.810e+01, -6.420e+01, -7.960e+01, -8.710e+01, -1.126e+02,
       -1.725e+02, -1.873e+02, -2.004e+02, -2.084e+02, -2.182e+02,
       -2.236e+02, -2.271e+02, -2.296e+02]), 'V': 25.0, 'C_B': 0.1, 'titration_type': 'acid_base', 'r2_threshold': 0.95, 'is_base': False}
Computing Gran/Schwartz for type: acid_base
DEBUG gran_functions: potential first 5: [41.1 37.2 30.6 28.  21.6]
DEBUG gran_functions: pH first 5: [6.30527383 6.37119675 6.48275862 6.52670723 6.63488844]
Gran and Schwartz computed successfully.
Computing Gran/Schwartz for type: acid_base
DEBUG gran_functions: potential first 5: [41.1 37.2 30.6 28.  21.6]
DEBUG gran_functions: pH first 5: [6.30527383 6.37119675 6.48275862 6.52670723 6.63488844]
Gran and Schwartz computed successfully.
=== ANALYZER NESTED RESULTS ===
Gran Raw: V_eq = 5.058 mL, R² = 0.9937, k = 0.000, Zone = 16-20
Gran Opt: V_eq = 5.225 mL, R² = 0.9998, k = 999885010.627, Zone = 11-15
Schwartz Raw: V_eq = 5.058 mL, R² = 0.9937, k = 0.000, Zone = 16-20
Schwartz Opt: V_eq = 5.225 mL, R² = 0.9998, k = 999885010.627, Zone = 11-15
pH shape: (28,)
=== END ANALYZER NESTED ===
Titration curve saved to /home/sgiani/repos/GranTED/results/45/titration_curve.png
Gran/Schwartz combined plot saved to /home/sgiani/repos/GranTED/results/45/gran_schwartz.png
Combined overview plot saved to /home/sgiani/repos/GranTED/results/45/plots.png
All visualizations saved to /home/sgiani/repos/GranTED/results/45
Generating CSV report...
Saved simple CSV report to /home/sgiani/repos/GranTED/results/45/report.csv
CSV report generated.
Generating PDF report...
Saved PDF report to /home/sgiani/repos/GranTED/results/45/report.pdf
PDF report generated.
Full report generated in /home/sgiani/repos/GranTED/results/45
Pipeline complete. Outputs in /home/sgiani/repos/GranTED/results/45
Processing triplet 46 → columns 136,137
Loaded '/home/sgiani/repos/GranTED/results/46/data.dat': 28 rows, skipped 53 header/comment/non-numeric lines.
Validation passed
Final config: {'V': 25.0, 'C_B': 0.1, 'titration_type': 'acid_base', 'r2_threshold': 0.95}
DEBUG preprocess: potential first 5: [48.2 41.6 36.  29.9 20.1]
Detected acid titration (negative slope). No flip.
Preprocessing complete: Arrays extracted, params merged, type auto-detected (if acid_base).
DEBUG df:     volume  potential
0   0.0000       48.2
1   0.0500       41.6
2   0.1000       36.0
3   0.1830       29.9
4   0.3550       20.1
5   0.5300       14.8
6   0.9675        5.7
7   1.4675       -2.0
8   1.9675       -7.6
9   2.4675      -12.6
10  2.9675      -18.4
11  3.4675      -25.1
12  3.9675      -33.7
13  4.3995      -44.0
14  4.6405      -52.9
15  4.7800      -61.1
16  4.8670      -69.5
17  4.9170      -75.9
18  4.9670      -89.0
19  5.0170     -138.0
20  5.0670     -174.9
21  5.1170     -187.2
22  5.2145     -197.3
23  5.3985     -205.9
24  5.7825     -215.1
25  6.2825     -220.2
26  6.7825     -224.0
27  7.2825     -226.5
DEBUG params: {'volume_array': array([0.    , 0.05  , 0.1   , 0.183 , 0.355 , 0.53  , 0.9675, 1.4675,
       1.9675, 2.4675, 2.9675, 3.4675, 3.9675, 4.3995, 4.6405, 4.78  ,
       4.867 , 4.917 , 4.967 , 5.017 , 5.067 , 5.117 , 5.2145, 5.3985,
       5.7825, 6.2825, 6.7825, 7.2825]), 'potential_array': array([  48.2,   41.6,   36. ,   29.9,   20.1,   14.8,    5.7,   -2. ,
         -7.6,  -12.6,  -18.4,  -25.1,  -33.7,  -44. ,  -52.9,  -61.1,
        -69.5,  -75.9,  -89. , -138. , -174.9, -187.2, -197.3, -205.9,
       -215.1, -220.2, -224. , -226.5]), 'V': 25.0, 'C_B': 0.1, 'titration_type': 'acid_base', 'r2_threshold': 0.95, 'is_base': False}
Computing Gran/Schwartz for type: acid_base
DEBUG gran_functions: potential first 5: [48.2 41.6 36.  29.9 20.1]
DEBUG gran_functions: pH first 5: [6.18526031 6.29682218 6.39148073 6.49459094 6.66024341]
Gran and Schwartz computed successfully.
Computing Gran/Schwartz for type: acid_base
DEBUG gran_functions: potential first 5: [48.2 41.6 36.  29.9 20.1]
DEBUG gran_functions: pH first 5: [6.18526031 6.29682218 6.39148073 6.49459094 6.66024341]
Gran and Schwartz computed successfully.
=== ANALYZER NESTED RESULTS ===
Gran Raw: V_eq = 5.135 mL, R² = 0.9956, k = 0.000, Zone = 14-17
Gran Opt: V_eq = 5.221 mL, R² = 0.9997, k = 999946517.921, Zone = 10-15
Schwartz Raw: V_eq = 5.135 mL, R² = 0.9956, k = 0.000, Zone = 14-17
Schwartz Opt: V_eq = 5.221 mL, R² = 0.9997, k = 999946517.921, Zone = 10-15
pH shape: (28,)
=== END ANALYZER NESTED ===
Titration curve saved to /home/sgiani/repos/GranTED/results/46/titration_curve.png
Gran/Schwartz combined plot saved to /home/sgiani/repos/GranTED/results/46/gran_schwartz.png
Combined overview plot saved to /home/sgiani/repos/GranTED/results/46/plots.png
All visualizations saved to /home/sgiani/repos/GranTED/results/46
Generating CSV report...
Saved simple CSV report to /home/sgiani/repos/GranTED/results/46/report.csv
CSV report generated.
Generating PDF report...
Saved PDF report to /home/sgiani/repos/GranTED/results/46/report.pdf
PDF report generated.
Full report generated in /home/sgiani/repos/GranTED/results/46
Pipeline complete. Outputs in /home/sgiani/repos/GranTED/results/46
Processing triplet 47 → columns 139,140
Loaded '/home/sgiani/repos/GranTED/results/47/data.dat': 27 rows, skipped 54 header/comment/non-numeric lines.
Validation passed
Final config: {'V': 25.0, 'C_B': 0.1, 'titration_type': 'acid_base', 'r2_threshold': 0.95}
DEBUG preprocess: potential first 5: [47.1 40.2 34.1 29.4 19.4]
Detected acid titration (negative slope). No flip.
Preprocessing complete: Arrays extracted, params merged, type auto-detected (if acid_base).
DEBUG df:     volume  potential
0   0.0000       47.1
1   0.0500       40.2
2   0.1000       34.1
3   0.1755       29.4
4   0.3645       19.4
5   0.5425       15.5
6   0.9875        6.2
7   1.3865        0.9
8   1.8865       -5.1
9   2.3865      -10.5
10  2.8865      -17.9
11  3.3865      -23.9
12  3.8865      -31.6
13  4.3865      -44.3
14  4.5865      -50.1
15  4.8255      -65.2
16  4.8840      -70.1
17  4.9570      -82.9
18  5.0070     -114.2
19  5.0570     -170.4
20  5.1070     -184.1
21  5.2275     -197.1
22  5.4150     -205.4
23  5.8585     -214.2
24  6.3585     -219.3
25  6.8585     -222.3
26  7.3585     -224.7
DEBUG params: {'volume_array': array([0.    , 0.05  , 0.1   , 0.1755, 0.3645, 0.5425, 0.9875, 1.3865,
       1.8865, 2.3865, 2.8865, 3.3865, 3.8865, 4.3865, 4.5865, 4.8255,
       4.884 , 4.957 , 5.007 , 5.057 , 5.107 , 5.2275, 5.415 , 5.8585,
       6.3585, 6.8585, 7.3585]), 'potential_array': array([  47.1,   40.2,   34.1,   29.4,   19.4,   15.5,    6.2,    0.9,
         -5.1,  -10.5,  -17.9,  -23.9,  -31.6,  -44.3,  -50.1,  -65.2,
        -70.1,  -82.9, -114.2, -170.4, -184.1, -197.1, -205.4, -214.2,
       -219.3, -222.3, -224.7]), 'V': 25.0, 'C_B': 0.1, 'titration_type': 'acid_base', 'r2_threshold': 0.95, 'is_base': False}
Computing Gran/Schwartz for type: acid_base
DEBUG gran_functions: potential first 5: [47.1 40.2 34.1 29.4 19.4]
DEBUG gran_functions: pH first 5: [6.20385396 6.32048682 6.42359703 6.5030426  6.67207573]
Gran and Schwartz computed successfully.
Computing Gran/Schwartz for type: acid_base
DEBUG gran_functions: potential first 5: [47.1 40.2 34.1 29.4 19.4]
DEBUG gran_functions: pH first 5: [6.20385396 6.32048682 6.42359703 6.5030426  6.67207573]
Gran and Schwartz computed successfully.
Warning: Low R²=0.886 for zone (np.int64(22), np.int64(25)) (k=999944824.6740508)
=== ANALYZER NESTED RESULTS ===
Gran Raw: V_eq = 5.137 mL, R² = 0.9935, k = 0.000, Zone = 14-17
Gran Opt: V_eq = 8.301 mL, R² = 0.8863, k = 999944824.674, Zone = 22-25
Schwartz Raw: V_eq = 5.137 mL, R² = 0.9935, k = 0.000, Zone = 14-17
Schwartz Opt: V_eq = 8.301 mL, R² = 0.8863, k = 999944824.674, Zone = 22-25
pH shape: (27,)
=== END ANALYZER NESTED ===
Titration curve saved to /home/sgiani/repos/GranTED/results/47/titration_curve.png
Gran/Schwartz combined plot saved to /home/sgiani/repos/GranTED/results/47/gran_schwartz.png
Combined overview plot saved to /home/sgiani/repos/GranTED/results/47/plots.png
All visualizations saved to /home/sgiani/repos/GranTED/results/47
Generating CSV report...
Saved simple CSV report to /home/sgiani/repos/GranTED/results/47/report.csv
CSV report generated.
Generating PDF report...
Saved PDF report to /home/sgiani/repos/GranTED/results/47/report.pdf
PDF report generated.
Full report generated in /home/sgiani/repos/GranTED/results/47
Pipeline complete. Outputs in /home/sgiani/repos/GranTED/results/47
Processing triplet 48 → columns 142,143
Loaded '/home/sgiani/repos/GranTED/results/48/data.dat': 28 rows, skipped 53 header/comment/non-numeric lines.
Validation passed
Final config: {'V': 25.0, 'C_B': 0.1, 'titration_type': 'acid_base', 'r2_threshold': 0.95}
DEBUG preprocess: potential first 5: [49.  41.6 36.6 27.5 21.2]
Detected acid titration (negative slope). No flip.
Preprocessing complete: Arrays extracted, params merged, type auto-detected (if acid_base).
DEBUG df:     volume  potential
0   0.0000       49.0
1   0.0500       41.6
2   0.1000       36.6
3   0.2165       27.5
4   0.3480       21.2
5   0.6195       14.9
6   1.1195        6.0
7   1.6195        0.4
8   2.1195       -5.0
9   2.6195      -10.9
10  3.1195      -16.4
11  3.6195      -22.6
12  4.1195      -31.3
13  4.5480      -40.9
14  4.8230      -50.9
15  4.9575      -58.1
16  5.0610      -67.1
17  5.1165      -74.4
18  5.1665      -87.7
19  5.2165     -127.2
20  5.2665     -175.3
21  5.3165     -187.8
22  5.4400     -200.0
23  5.6435     -208.2
24  6.1270     -217.6
25  6.6270     -222.4
26  7.1270     -225.0
27  7.6270     -227.1
DEBUG params: {'volume_array': array([0.    , 0.05  , 0.1   , 0.2165, 0.348 , 0.6195, 1.1195, 1.6195,
       2.1195, 2.6195, 3.1195, 3.6195, 4.1195, 4.548 , 4.823 , 4.9575,
       5.061 , 5.1165, 5.1665, 5.2165, 5.2665, 5.3165, 5.44  , 5.6435,
       6.127 , 6.627 , 7.127 , 7.627 ]), 'potential_array': array([  49. ,   41.6,   36.6,   27.5,   21.2,   14.9,    6. ,    0.4,
         -5. ,  -10.9,  -16.4,  -22.6,  -31.3,  -40.9,  -50.9,  -58.1,
        -67.1,  -74.4,  -87.7, -127.2, -175.3, -187.8, -200. , -208.2,
       -217.6, -222.4, -225. , -227.1]), 'V': 25.0, 'C_B': 0.1, 'titration_type': 'acid_base', 'r2_threshold': 0.95, 'is_base': False}
Computing Gran/Schwartz for type: acid_base
DEBUG gran_functions: potential first 5: [49.  41.6 36.6 27.5 21.2]
DEBUG gran_functions: pH first 5: [6.17173766 6.29682218 6.38133874 6.53515889 6.64164976]
Gran and Schwartz computed successfully.
Computing Gran/Schwartz for type: acid_base
DEBUG gran_functions: potential first 5: [49.  41.6 36.6 27.5 21.2]
DEBUG gran_functions: pH first 5: [6.17173766 6.29682218 6.38133874 6.53515889 6.64164976]
Gran and Schwartz computed successfully.
=== ANALYZER NESTED RESULTS ===
Gran Raw: V_eq = 5.344 mL, R² = 0.9939, k = 0.000, Zone = 14-17
Gran Opt: V_eq = 5.427 mL, R² = 0.9998, k = 999982607.890, Zone = 10-14
Schwartz Raw: V_eq = 5.344 mL, R² = 0.9939, k = 0.000, Zone = 14-17
Schwartz Opt: V_eq = 5.427 mL, R² = 0.9998, k = 999982607.890, Zone = 10-14
pH shape: (28,)
=== END ANALYZER NESTED ===
Titration curve saved to /home/sgiani/repos/GranTED/results/48/titration_curve.png
Gran/Schwartz combined plot saved to /home/sgiani/repos/GranTED/results/48/gran_schwartz.png
Combined overview plot saved to /home/sgiani/repos/GranTED/results/48/plots.png
All visualizations saved to /home/sgiani/repos/GranTED/results/48
Generating CSV report...
Saved simple CSV report to /home/sgiani/repos/GranTED/results/48/report.csv
CSV report generated.
Generating PDF report...
Saved PDF report to /home/sgiani/repos/GranTED/results/48/report.pdf
PDF report generated.
Full report generated in /home/sgiani/repos/GranTED/results/48
Pipeline complete. Outputs in /home/sgiani/repos/GranTED/results/48
Processing triplet 49 → columns 145,146
Loaded '/home/sgiani/repos/GranTED/results/49/data.dat': 28 rows, skipped 53 header/comment/non-numeric lines.
Validation passed
Final config: {'V': 25.0, 'C_B': 0.1, 'titration_type': 'acid_base', 'r2_threshold': 0.95}
DEBUG preprocess: potential first 5: [49.9 43.5 37.5 31.9 22.6]
Detected acid titration (negative slope). No flip.
Preprocessing complete: Arrays extracted, params merged, type auto-detected (if acid_base).
DEBUG df:     volume  potential
0   0.0000       49.9
1   0.0500       43.5
2   0.1000       37.5
3   0.1715       31.9
4   0.3275       22.6
5   0.5065       17.7
6   0.9540        9.8
7   1.4540        3.0
8   1.9540       -2.6
9   2.4540       -7.9
10  2.9540      -13.7
11  3.4540      -19.8
12  3.9540      -27.2
13  4.4540      -37.4
14  4.7600      -46.2
15  4.9570      -56.3
16  5.0460      -62.4
17  5.1325      -73.2
18  5.1825      -82.8
19  5.2325     -106.6
20  5.2825     -170.0
21  5.3325     -185.0
22  5.4455     -198.2
23  5.6215     -206.2
24  6.0615     -215.9
25  6.5615     -220.7
26  7.0615     -224.1
27  7.5615     -226.4
DEBUG params: {'volume_array': array([0.    , 0.05  , 0.1   , 0.1715, 0.3275, 0.5065, 0.954 , 1.454 ,
       1.954 , 2.454 , 2.954 , 3.454 , 3.954 , 4.454 , 4.76  , 4.957 ,
       5.046 , 5.1325, 5.1825, 5.2325, 5.2825, 5.3325, 5.4455, 5.6215,
       6.0615, 6.5615, 7.0615, 7.5615]), 'potential_array': array([  49.9,   43.5,   37.5,   31.9,   22.6,   17.7,    9.8,    3. ,
         -2.6,   -7.9,  -13.7,  -19.8,  -27.2,  -37.4,  -46.2,  -56.3,
        -62.4,  -73.2,  -82.8, -106.6, -170. , -185. , -198.2, -206.2,
       -215.9, -220.7, -224.1, -226.4]), 'V': 25.0, 'C_B': 0.1, 'titration_type': 'acid_base', 'r2_threshold': 0.95, 'is_base': False}
Computing Gran/Schwartz for type: acid_base
DEBUG gran_functions: potential first 5: [49.9 43.5 37.5 31.9 22.6]
DEBUG gran_functions: pH first 5: [6.15652468 6.26470588 6.36612576 6.46078431 6.61798513]
Gran and Schwartz computed successfully.
Computing Gran/Schwartz for type: acid_base
DEBUG gran_functions: potential first 5: [49.9 43.5 37.5 31.9 22.6]
DEBUG gran_functions: pH first 5: [6.15652468 6.26470588 6.36612576 6.46078431 6.61798513]
Gran and Schwartz computed successfully.
=== ANALYZER NESTED RESULTS ===
Gran Raw: V_eq = 5.285 mL, R² = 0.9952, k = 0.000, Zone = 16-20
Gran Opt: V_eq = 5.459 mL, R² = 0.9995, k = 999703071.997, Zone = 11-15
Schwartz Raw: V_eq = 5.285 mL, R² = 0.9952, k = 0.000, Zone = 16-20
Schwartz Opt: V_eq = 5.459 mL, R² = 0.9995, k = 999703071.997, Zone = 11-15
pH shape: (28,)
=== END ANALYZER NESTED ===
Titration curve saved to /home/sgiani/repos/GranTED/results/49/titration_curve.png
Gran/Schwartz combined plot saved to /home/sgiani/repos/GranTED/results/49/gran_schwartz.png
Combined overview plot saved to /home/sgiani/repos/GranTED/results/49/plots.png
All visualizations saved to /home/sgiani/repos/GranTED/results/49
Generating CSV report...
Saved simple CSV report to /home/sgiani/repos/GranTED/results/49/report.csv
CSV report generated.
Generating PDF report...
Saved PDF report to /home/sgiani/repos/GranTED/results/49/report.pdf
PDF report generated.
Full report generated in /home/sgiani/repos/GranTED/results/49
Pipeline complete. Outputs in /home/sgiani/repos/GranTED/results/49
Processing triplet 50 → columns 148,149
Loaded '/home/sgiani/repos/GranTED/results/50/data.dat': 28 rows, skipped 53 header/comment/non-numeric lines.
Validation passed
Final config: {'V': 25.0, 'C_B': 0.1, 'titration_type': 'acid_base', 'r2_threshold': 0.95}
DEBUG preprocess: potential first 5: [54.  46.7 40.5 34.9 25.4]
Detected acid titration (negative slope). No flip.
Preprocessing complete: Arrays extracted, params merged, type auto-detected (if acid_base).
DEBUG df:     volume  potential
0   0.0000       54.0
1   0.0500       46.7
2   0.1000       40.5
3   0.1775       34.9
4   0.3645       25.4
5   0.5920       17.7
6   0.9440       12.2
7   1.4440        6.8
8   1.9440        0.5
9   2.4440       -4.8
10  2.9440      -10.8
11  3.4440      -16.9
12  3.9440      -24.5
13  4.4440      -34.3
14  4.7755      -43.5
15  4.9795      -53.3
16  5.0755      -60.2
17  5.1500      -67.5
18  5.2110      -77.5
19  5.2610      -94.6
20  5.3110     -166.0
21  5.3610     -185.4
22  5.4365     -196.4
23  5.5825     -206.1
24  5.8500     -214.3
25  6.3500     -221.9
26  6.8500     -226.4
27  7.3500     -229.1
DEBUG params: {'volume_array': array([0.    , 0.05  , 0.1   , 0.1775, 0.3645, 0.592 , 0.944 , 1.444 ,
       1.944 , 2.444 , 2.944 , 3.444 , 3.944 , 4.444 , 4.7755, 4.9795,
       5.0755, 5.15  , 5.211 , 5.261 , 5.311 , 5.361 , 5.4365, 5.5825,
       5.85  , 6.35  , 6.85  , 7.35  ]), 'potential_array': array([  54. ,   46.7,   40.5,   34.9,   25.4,   17.7,   12.2,    6.8,
          0.5,   -4.8,  -10.8,  -16.9,  -24.5,  -34.3,  -43.5,  -53.3,
        -60.2,  -67.5,  -77.5,  -94.6, -166. , -185.4, -196.4, -206.1,
       -214.3, -221.9, -226.4, -229.1]), 'V': 25.0, 'C_B': 0.1, 'titration_type': 'acid_base', 'r2_threshold': 0.95, 'is_base': False}
Computing Gran/Schwartz for type: acid_base
DEBUG gran_functions: potential first 5: [54.  46.7 40.5 34.9 25.4]
DEBUG gran_functions: pH first 5: [6.0872211  6.21061528 6.31541582 6.41007437 6.57065585]
Gran and Schwartz computed successfully.
Computing Gran/Schwartz for type: acid_base
DEBUG gran_functions: potential first 5: [54.  46.7 40.5 34.9 25.4]
DEBUG gran_functions: pH first 5: [6.0872211  6.21061528 6.31541582 6.41007437 6.57065585]
Gran and Schwartz computed successfully.
=== ANALYZER NESTED RESULTS ===
Gran Raw: V_eq = 5.436 mL, R² = 0.9974, k = 0.000, Zone = 14-17
Gran Opt: V_eq = 5.365 mL, R² = 0.9978, k = 999809438.080, Zone = 15-18
Schwartz Raw: V_eq = 5.436 mL, R² = 0.9974, k = 0.000, Zone = 14-17
Schwartz Opt: V_eq = 5.365 mL, R² = 0.9978, k = 999809438.080, Zone = 15-18
pH shape: (28,)
=== END ANALYZER NESTED ===
Titration curve saved to /home/sgiani/repos/GranTED/results/50/titration_curve.png
Gran/Schwartz combined plot saved to /home/sgiani/repos/GranTED/results/50/gran_schwartz.png
Combined overview plot saved to /home/sgiani/repos/GranTED/results/50/plots.png
All visualizations saved to /home/sgiani/repos/GranTED/results/50
Generating CSV report...
Saved simple CSV report to /home/sgiani/repos/GranTED/results/50/report.csv
CSV report generated.
Generating PDF report...
Saved PDF report to /home/sgiani/repos/GranTED/results/50/report.pdf
PDF report generated.
Full report generated in /home/sgiani/repos/GranTED/results/50
Pipeline complete. Outputs in /home/sgiani/repos/GranTED/results/50

 read y
